probe_id,level,form_pair,lhs_holder,rhs_holder,x_set_a,x_set_b,n_probes,output_canon_vector,n_values,n_declines,n_unrepresentable,src_x_set_a,src_x_set_b
A5_3_3,1,truth|truth,Boolean,Boolean,"truth/L1/6:true,false,0,1,"""",nil","truth/L1/6:true,false,0,1,"""",nil",36,false;false;UNREPRESENTABLE;UNREPRESENTABLE;UNREPRESENTABLE;UNREPRESENTABLE;true;false;UNREPRESENTABLE;UNREPRESENTABLE;UNREPRESENTABLE;UNREPRESENTABLE;UNREPRESENTABLE;UNREPRESENTABLE;UNREPRESENTABLE;UNREPRESENTABLE;UNREPRESENTABLE;UNREPRESENTABLE;UNREPRESENTABLE;UNREPRESENTABLE;UNREPRESENTABLE;UNREPRESENTABLE;UNREPRESENTABLE;UNREPRESENTABLE;UNREPRESENTABLE;UNREPRESENTABLE;UNREPRESENTABLE;UNREPRESENTABLE;UNREPRESENTABLE;UNREPRESENTABLE;UNREPRESENTABLE;UNREPRESENTABLE;UNREPRESENTABLE;UNREPRESENTABLE;UNREPRESENTABLE;UNREPRESENTABLE,4,0,32,"truth/L1/2:true,false","truth/L1/2:true,false"
A5_4_4,1,whole|whole,Int,Int,"whole/L1/17:-2^63,-2^63+1,-2^53-1,-2^31,-42,-1,0,1,7,42,1000,2^31-1,2^31,2^53-1,2^53+1,2^63-1,2^64-1","whole/L1/17:-2^63,-2^63+1,-2^53-1,-2^31,-42,-1,0,1,7,42,1000,2^31-1,2^31,2^53-1,2^53+1,2^63-1,2^64-1",289,UNREPRESENTABLE;UNREPRESENTABLE;UNREPRESENTABLE;UNREPRESENTABLE;UNREPRESENTABLE;UNREPRESENTABLE;UNREPRESENTABLE;UNREPRESENTABLE;UNREPRESENTABLE;UNREPRESENTABLE;UNREPRESENTABLE;UNREPRESENTABLE;UNREPRESENTABLE;UNREPRESENTABLE;UNREPRESENTABLE;UNREPRESENTABLE;UNREPRESENTABLE;UNREPRESENTABLE;UNREPRESENTABLE;UNREPRESENTABLE;UNREPRESENTABLE;UNREPRESENTABLE;UNREPRESENTABLE;UNREPRESENTABLE;UNREPRESENTABLE;UNREPRESENTABLE;UNREPRESENTABLE;UNREPRESENTABLE;UNREPRESENTABLE;UNREPRESENTABLE;UNREPRESENTABLE;UNREPRESENTABLE;UNREPRESENTABLE;UNREPRESENTABLE;UNREPRESENTABLE;UNREPRESENTABLE;UNREPRESENTABLE;UNREPRESENTABLE;UNREPRESENTABLE;UNREPRESENTABLE;UNREPRESENTABLE;UNREPRESENTABLE;UNREPRESENTABLE;UNREPRESENTABLE;UNREPRESENTABLE;UNREPRESENTABLE;UNREPRESENTABLE;UNREPRESENTABLE;UNREPRESENTABLE;UNREPRESENTABLE;UNREPRESENTABLE;UNREPRESENTABLE;UNREPRESENTABLE;UNREPRESENTABLE;false;true;true;true;true;true;true;true;true;UNREPRESENTABLE;UNREPRESENTABLE;UNREPRESENTABLE;UNREPRESENTABLE;UNREPRESENTABLE;UNREPRESENTABLE;UNREPRESENTABLE;UNREPRESENTABLE;false;false;true;true;true;true;true;true;true;UNREPRESENTABLE;UNREPRESENTABLE;UNREPRESENTABLE;UNREPRESENTABLE;UNREPRESENTABLE;UNREPRESENTABLE;UNREPRESENTABLE;UNREPRESENTABLE;false;false;false;true;true;true;true;true;true;UNREPRESENTABLE;UNREPRESENTABLE;UNREPRESENTABLE;UNREPRESENTABLE;UNREPRESENTABLE;UNREPRESENTABLE;UNREPRESENTABLE;UNREPRESENTABLE;false;false;false;false;true;true;true;true;true;UNREPRESENTABLE;UNREPRESENTABLE;UNREPRESENTABLE;UNREPRESENTABLE;UNREPRESENTABLE;UNREPRESENTABLE;UNREPRESENTABLE;UNREPRESENTABLE;false;false;false;false;false;true;true;true;true;UNREPRESENTABLE;UNREPRESENTABLE;UNREPRESENTABLE;UNREPRESENTABLE;UNREPRESENTABLE;UNREPRESENTABLE;UNREPRESENTABLE;UNREPRESENTABLE;false;false;false;false;false;false;true;true;true;UNREPRESENTABLE;UNREPRESENTABLE;UNREPRESENTABLE;UNREPRESENTABLE;UNREPRESENTABLE;UNREPRESENTABLE;UNREPRESENTABLE;UNREPRESENTABLE;false;false;false;false;false;false;false;true;true;UNREPRESENTABLE;UNREPRESENTABLE;UNREPRESENTABLE;UNREPRESENTABLE;UNREPRESENTABLE;UNREPRESENTABLE;UNREPRESENTABLE;UNREPRESENTABLE;false;false;false;false;false;false;false;false;true;UNREPRESENTABLE;UNREPRESENTABLE;UNREPRESENTABLE;UNREPRESENTABLE;UNREPRESENTABLE;UNREPRESENTABLE;UNREPRESENTABLE;UNREPRESENTABLE;false;false;false;false;false;false;false;false;false;UNREPRESENTABLE;UNREPRESENTABLE;UNREPRESENTABLE;UNREPRESENTABLE;UNREPRESENTABLE;UNREPRESENTABLE;UNREPRESENTABLE;UNREPRESENTABLE;UNREPRESENTABLE;UNREPRESENTABLE;UNREPRESENTABLE;UNREPRESENTABLE;UNREPRESENTABLE;UNREPRESENTABLE;UNREPRESENTABLE;UNREPRESENTABLE;UNREPRESENTABLE;UNREPRESENTABLE;UNREPRESENTABLE;UNREPRESENTABLE;UNREPRESENTABLE;UNREPRESENTABLE;UNREPRESENTABLE;UNREPRESENTABLE;UNREPRESENTABLE;UNREPRESENTABLE;UNREPRESENTABLE;UNREPRESENTABLE;UNREPRESENTABLE;UNREPRESENTABLE;UNREPRESENTABLE;UNREPRESENTABLE;UNREPRESENTABLE;UNREPRESENTABLE;UNREPRESENTABLE;UNREPRESENTABLE;UNREPRESENTABLE;UNREPRESENTABLE;UNREPRESENTABLE;UNREPRESENTABLE;UNREPRESENTABLE;UNREPRESENTABLE;UNREPRESENTABLE;UNREPRESENTABLE;UNREPRESENTABLE;UNREPRESENTABLE;UNREPRESENTABLE;UNREPRESENTABLE;UNREPRESENTABLE;UNREPRESENTABLE;UNREPRESENTABLE;UNREPRESENTABLE;UNREPRESENTABLE;UNREPRESENTABLE;UNREPRESENTABLE;UNREPRESENTABLE;UNREPRESENTABLE;UNREPRESENTABLE;UNREPRESENTABLE;UNREPRESENTABLE;UNREPRESENTABLE;UNREPRESENTABLE;UNREPRESENTABLE;UNREPRESENTABLE;UNREPRESENTABLE;UNREPRESENTABLE;UNREPRESENTABLE;UNREPRESENTABLE;UNREPRESENTABLE;UNREPRESENTABLE;UNREPRESENTABLE;UNREPRESENTABLE;UNREPRESENTABLE;UNREPRESENTABLE;UNREPRESENTABLE;UNREPRESENTABLE;UNREPRESENTABLE;UNREPRESENTABLE;UNREPRESENTABLE;UNREPRESENTABLE;UNREPRESENTABLE;UNREPRESENTABLE;UNREPRESENTABLE;UNREPRESENTABLE;UNREPRESENTABLE;UNREPRESENTABLE;UNREPRESENTABLE;UNREPRESENTABLE;UNREPRESENTABLE;UNREPRESENTABLE,81,0,208,"whole/L1/9:-2^31,-42,-1,0,1,7,42,1000,2^31-1","whole/L1/9:-2^31,-42,-1,0,1,7,42,1000,2^31-1"
A5_4_5,1,whole|whole,Int,Long,"whole/L1/17:-2^63,-2^63+1,-2^53-1,-2^31,-42,-1,0,1,7,42,1000,2^31-1,2^31,2^53-1,2^53+1,2^63-1,2^64-1","whole/L1/17:-2^63,-2^63+1,-2^53-1,-2^31,-42,-1,0,1,7,42,1000,2^31-1,2^31,2^53-1,2^53+1,2^63-1,2^64-1",289,UNREPRESENTABLE;UNREPRESENTABLE;UNREPRESENTABLE;UNREPRESENTABLE;UNREPRESENTABLE;UNREPRESENTABLE;UNREPRESENTABLE;UNREPRESENTABLE;UNREPRESENTABLE;UNREPRESENTABLE;UNREPRESENTABLE;UNREPRESENTABLE;UNREPRESENTABLE;UNREPRESENTABLE;UNREPRESENTABLE;UNREPRESENTABLE;UNREPRESENTABLE;UNREPRESENTABLE;UNREPRESENTABLE;UNREPRESENTABLE;UNREPRESENTABLE;UNREPRESENTABLE;UNREPRESENTABLE;UNREPRESENTABLE;UNREPRESENTABLE;UNREPRESENTABLE;UNREPRESENTABLE;UNREPRESENTABLE;UNREPRESENTABLE;UNREPRESENTABLE;UNREPRESENTABLE;UNREPRESENTABLE;UNREPRESENTABLE;UNREPRESENTABLE;UNREPRESENTABLE;UNREPRESENTABLE;UNREPRESENTABLE;UNREPRESENTABLE;UNREPRESENTABLE;UNREPRESENTABLE;UNREPRESENTABLE;UNREPRESENTABLE;UNREPRESENTABLE;UNREPRESENTABLE;UNREPRESENTABLE;UNREPRESENTABLE;UNREPRESENTABLE;UNREPRESENTABLE;UNREPRESENTABLE;UNREPRESENTABLE;UNREPRESENTABLE;false;false;false;false;true;true;true;true;true;true;true;true;true;true;true;true;UNREPRESENTABLE;false;false;false;false;false;true;true;true;true;true;true;true;true;true;true;true;UNREPRESENTABLE;false;false;false;false;false;false;true;true;true;true;true;true;true;true;true;true;UNREPRESENTABLE;false;false;false;false;false;false;false;true;true;true;true;true;true;true;true;true;UNREPRESENTABLE;false;false;false;false;false;false;false;false;true;true;true;true;true;true;true;true;UNREPRESENTABLE;false;false;false;false;false;false;false;false;false;true;true;true;true;true;true;true;UNREPRESENTABLE;false;false;false;false;false;false;false;false;false;false;true;true;true;true;true;true;UNREPRESENTABLE;false;false;false;false;false;false;false;false;false;false;false;true;true;true;true;true;UNREPRESENTABLE;false;false;false;false;false;false;false;false;false;false;false;false;true;true;true;true;UNREPRESENTABLE;UNREPRESENTABLE;UNREPRESENTABLE;UNREPRESENTABLE;UNREPRESENTABLE;UNREPRESENTABLE;UNREPRESENTABLE;UNREPRESENTABLE;UNREPRESENTABLE;UNREPRESENTABLE;UNREPRESENTABLE;UNREPRESENTABLE;UNREPRESENTABLE;UNREPRESENTABLE;UNREPRESENTABLE;UNREPRESENTABLE;UNREPRESENTABLE;UNREPRESENTABLE;UNREPRESENTABLE;UNREPRESENTABLE;UNREPRESENTABLE;UNREPRESENTABLE;UNREPRESENTABLE;UNREPRESENTABLE;UNREPRESENTABLE;UNREPRESENTABLE;UNREPRESENTABLE;UNREPRESENTABLE;UNREPRESENTABLE;UNREPRESENTABLE;UNREPRESENTABLE;UNREPRESENTABLE;UNREPRESENTABLE;UNREPRESENTABLE;UNREPRESENTABLE;UNREPRESENTABLE;UNREPRESENTABLE;UNREPRESENTABLE;UNREPRESENTABLE;UNREPRESENTABLE;UNREPRESENTABLE;UNREPRESENTABLE;UNREPRESENTABLE;UNREPRESENTABLE;UNREPRESENTABLE;UNREPRESENTABLE;UNREPRESENTABLE;UNREPRESENTABLE;UNREPRESENTABLE;UNREPRESENTABLE;UNREPRESENTABLE;UNREPRESENTABLE;UNREPRESENTABLE;UNREPRESENTABLE;UNREPRESENTABLE;UNREPRESENTABLE;UNREPRESENTABLE;UNREPRESENTABLE;UNREPRESENTABLE;UNREPRESENTABLE;UNREPRESENTABLE;UNREPRESENTABLE;UNREPRESENTABLE;UNREPRESENTABLE;UNREPRESENTABLE;UNREPRESENTABLE;UNREPRESENTABLE;UNREPRESENTABLE;UNREPRESENTABLE;UNREPRESENTABLE;UNREPRESENTABLE;UNREPRESENTABLE;UNREPRESENTABLE;UNREPRESENTABLE;UNREPRESENTABLE;UNREPRESENTABLE;UNREPRESENTABLE;UNREPRESENTABLE;UNREPRESENTABLE;UNREPRESENTABLE;UNREPRESENTABLE;UNREPRESENTABLE;UNREPRESENTABLE;UNREPRESENTABLE;UNREPRESENTABLE;UNREPRESENTABLE,144,0,145,"whole/L1/9:-2^31,-42,-1,0,1,7,42,1000,2^31-1","whole/L1/16:-2^63,-2^63+1,-2^53-1,-2^31,-42,-1,0,1,7,42,1000,2^31-1,2^31,2^53-1,2^53+1,2^63-1"
A5_4_8,1,whole|fractional,Int,Double,"whole/L1/17:-2^63,-2^63+1,-2^53-1,-2^31,-42,-1,0,1,7,42,1000,2^31-1,2^31,2^53-1,2^53+1,2^63-1,2^64-1","fractional/L1/16:-max_finite,-1.5,-1.0,-(1.0-1ulp),-0.0,+0.0,+min_subnormal,+min_normal,1.0-1ulp,1.0,1.0+1ulp,1.5,pi,2^53,max_finite,0.1",272,UNREPRESENTABLE;UNREPRESENTABLE;UNREPRESENTABLE;UNREPRESENTABLE;UNREPRESENTABLE;UNREPRESENTABLE;UNREPRESENTABLE;UNREPRESENTABLE;UNREPRESENTABLE;UNREPRESENTABLE;UNREPRESENTABLE;UNREPRESENTABLE;UNREPRESENTABLE;UNREPRESENTABLE;UNREPRESENTABLE;UNREPRESENTABLE;UNREPRESENTABLE;UNREPRESENTABLE;UNREPRESENTABLE;UNREPRESENTABLE;UNREPRESENTABLE;UNREPRESENTABLE;UNREPRESENTABLE;UNREPRESENTABLE;UNREPRESENTABLE;UNREPRESENTABLE;UNREPRESENTABLE;UNREPRESENTABLE;UNREPRESENTABLE;UNREPRESENTABLE;UNREPRESENTABLE;UNREPRESENTABLE;UNREPRESENTABLE;UNREPRESENTABLE;UNREPRESENTABLE;UNREPRESENTABLE;UNREPRESENTABLE;UNREPRESENTABLE;UNREPRESENTABLE;UNREPRESENTABLE;UNREPRESENTABLE;UNREPRESENTABLE;UNREPRESENTABLE;UNREPRESENTABLE;UNREPRESENTABLE;UNREPRESENTABLE;UNREPRESENTABLE;UNREPRESENTABLE;false;true;true;true;true;true;true;true;true;true;true;true;true;true;true;true;false;true;true;true;true;true;true;true;true;true;true;true;true;true;true;true;false;false;false;true;true;true;true;true;true;true;true;true;true;true;true;true;false;false;false;false;false;false;true;true;true;true;true;true;true;true;true;true;false;false;false;false;false;false;false;false;false;false;true;true;true;true;true;false;false;false;false;false;false;false;false;false;false;false;false;false;false;true;true;false;false;false;false;false;false;false;false;false;false;false;false;false;false;true;true;false;false;false;false;false;false;false;false;false;false;false;false;false;false;true;true;false;false;false;false;false;false;false;false;false;false;false;false;false;false;true;true;false;UNREPRESENTABLE;UNREPRESENTABLE;UNREPRESENTABLE;UNREPRESENTABLE;UNREPRESENTABLE;UNREPRESENTABLE;UNREPRESENTABLE;UNREPRESENTABLE;UNREPRESENTABLE;UNREPRESENTABLE;UNREPRESENTABLE;UNREPRESENTABLE;UNREPRESENTABLE;UNREPRESENTABLE;UNREPRESENTABLE;UNREPRESENTABLE;UNREPRESENTABLE;UNREPRESENTABLE;UNREPRESENTABLE;UNREPRESENTABLE;UNREPRESENTABLE;UNREPRESENTABLE;UNREPRESENTABLE;UNREPRESENTABLE;UNREPRESENTABLE;UNREPRESENTABLE;UNREPRESENTABLE;UNREPRESENTABLE;UNREPRESENTABLE;UNREPRESENTABLE;UNREPRESENTABLE;UNREPRESENTABLE;UNREPRESENTABLE;UNREPRESENTABLE;UNREPRESENTABLE;UNREPRESENTABLE;UNREPRESENTABLE;UNREPRESENTABLE;UNREPRESENTABLE;UNREPRESENTABLE;UNREPRESENTABLE;UNREPRESENTABLE;UNREPRESENTABLE;UNREPRESENTABLE;UNREPRESENTABLE;UNREPRESENTABLE;UNREPRESENTABLE;UNREPRESENTABLE;UNREPRESENTABLE;UNREPRESENTABLE;UNREPRESENTABLE;UNREPRESENTABLE;UNREPRESENTABLE;UNREPRESENTABLE;UNREPRESENTABLE;UNREPRESENTABLE;UNREPRESENTABLE;UNREPRESENTABLE;UNREPRESENTABLE;UNREPRESENTABLE;UNREPRESENTABLE;UNREPRESENTABLE;UNREPRESENTABLE;UNREPRESENTABLE;UNREPRESENTABLE;UNREPRESENTABLE;UNREPRESENTABLE;UNREPRESENTABLE;UNREPRESENTABLE;UNREPRESENTABLE;UNREPRESENTABLE;UNREPRESENTABLE;UNREPRESENTABLE;UNREPRESENTABLE;UNREPRESENTABLE;UNREPRESENTABLE;UNREPRESENTABLE;UNREPRESENTABLE;UNREPRESENTABLE;UNREPRESENTABLE,144,0,128,"whole/L1/9:-2^31,-42,-1,0,1,7,42,1000,2^31-1","fractional/L1/16:-max_finite,-1.5,-1.0,-(1.0-1ulp),-0.0,+0.0,+min_subnormal,+min_normal,1.0-1ulp,1.0,1.0+1ulp,1.5,pi,2^53,max_finite,0.1"
A5_4_9,1,whole|fractional,Int,Float,"whole/L1/17:-2^63,-2^63+1,-2^53-1,-2^31,-42,-1,0,1,7,42,1000,2^31-1,2^31,2^53-1,2^53+1,2^63-1,2^64-1","fractional/L1/16:-max_finite,-1.5,-1.0,-(1.0-1ulp),-0.0,+0.0,+min_subnormal,+min_normal,1.0-1ulp,1.0,1.0+1ulp,1.5,pi,2^53,max_finite,0.1",272,UNREPRESENTABLE;UNREPRESENTABLE;UNREPRESENTABLE;UNREPRESENTABLE;UNREPRESENTABLE;UNREPRESENTABLE;UNREPRESENTABLE;UNREPRESENTABLE;UNREPRESENTABLE;UNREPRESENTABLE;UNREPRESENTABLE;UNREPRESENTABLE;UNREPRESENTABLE;UNREPRESENTABLE;UNREPRESENTABLE;UNREPRESENTABLE;UNREPRESENTABLE;UNREPRESENTABLE;UNREPRESENTABLE;UNREPRESENTABLE;UNREPRESENTABLE;UNREPRESENTABLE;UNREPRESENTABLE;UNREPRESENTABLE;UNREPRESENTABLE;UNREPRESENTABLE;UNREPRESENTABLE;UNREPRESENTABLE;UNREPRESENTABLE;UNREPRESENTABLE;UNREPRESENTABLE;UNREPRESENTABLE;UNREPRESENTABLE;UNREPRESENTABLE;UNREPRESENTABLE;UNREPRESENTABLE;UNREPRESENTABLE;UNREPRESENTABLE;UNREPRESENTABLE;UNREPRESENTABLE;UNREPRESENTABLE;UNREPRESENTABLE;UNREPRESENTABLE;UNREPRESENTABLE;UNREPRESENTABLE;UNREPRESENTABLE;UNREPRESENTABLE;UNREPRESENTABLE;UNREPRESENTABLE;true;true;UNREPRESENTABLE;true;true;UNREPRESENTABLE;UNREPRESENTABLE;UNREPRESENTABLE;true;UNREPRESENTABLE;true;UNREPRESENTABLE;true;UNREPRESENTABLE;UNREPRESENTABLE;UNREPRESENTABLE;true;true;UNREPRESENTABLE;true;true;UNREPRESENTABLE;UNREPRESENTABLE;UNREPRESENTABLE;true;UNREPRESENTABLE;true;UNREPRESENTABLE;true;UNREPRESENTABLE;UNREPRESENTABLE;UNREPRESENTABLE;false;false;UNREPRESENTABLE;true;true;UNREPRESENTABLE;UNREPRESENTABLE;UNREPRESENTABLE;true;UNREPRESENTABLE;true;UNREPRESENTABLE;true;UNREPRESENTABLE;UNREPRESENTABLE;UNREPRESENTABLE;false;false;UNREPRESENTABLE;false;false;UNREPRESENTABLE;UNREPRESENTABLE;UNREPRESENTABLE;true;UNREPRESENTABLE;true;UNREPRESENTABLE;true;UNREPRESENTABLE;UNREPRESENTABLE;UNREPRESENTABLE;false;false;UNREPRESENTABLE;false;false;UNREPRESENTABLE;UNREPRESENTABLE;UNREPRESENTABLE;false;UNREPRESENTABLE;true;UNREPRESENTABLE;true;UNREPRESENTABLE;UNREPRESENTABLE;UNREPRESENTABLE;false;false;UNREPRESENTABLE;false;false;UNREPRESENTABLE;UNREPRESENTABLE;UNREPRESENTABLE;false;UNREPRESENTABLE;false;UNREPRESENTABLE;true;UNREPRESENTABLE;UNREPRESENTABLE;UNREPRESENTABLE;false;false;UNREPRESENTABLE;false;false;UNREPRESENTABLE;UNREPRESENTABLE;UNREPRESENTABLE;false;UNREPRESENTABLE;false;UNREPRESENTABLE;true;UNREPRESENTABLE;UNREPRESENTABLE;UNREPRESENTABLE;false;false;UNREPRESENTABLE;false;false;UNREPRESENTABLE;UNREPRESENTABLE;UNREPRESENTABLE;false;UNREPRESENTABLE;false;UNREPRESENTABLE;true;UNREPRESENTABLE;UNREPRESENTABLE;UNREPRESENTABLE;false;false;UNREPRESENTABLE;false;false;UNREPRESENTABLE;UNREPRESENTABLE;UNREPRESENTABLE;false;UNREPRESENTABLE;false;UNREPRESENTABLE;true;UNREPRESENTABLE;UNREPRESENTABLE;UNREPRESENTABLE;UNREPRESENTABLE;UNREPRESENTABLE;UNREPRESENTABLE;UNREPRESENTABLE;UNREPRESENTABLE;UNREPRESENTABLE;UNREPRESENTABLE;UNREPRESENTABLE;UNREPRESENTABLE;UNREPRESENTABLE;UNREPRESENTABLE;UNREPRESENTABLE;UNREPRESENTABLE;UNREPRESENTABLE;UNREPRESENTABLE;UNREPRESENTABLE;UNREPRESENTABLE;UNREPRESENTABLE;UNREPRESENTABLE;UNREPRESENTABLE;UNREPRESENTABLE;UNREPRESENTABLE;UNREPRESENTABLE;UNREPRESENTABLE;UNREPRESENTABLE;UNREPRESENTABLE;UNREPRESENTABLE;UNREPRESENTABLE;UNREPRESENTABLE;UNREPRESENTABLE;UNREPRESENTABLE;UNREPRESENTABLE;UNREPRESENTABLE;UNREPRESENTABLE;UNREPRESENTABLE;UNREPRESENTABLE;UNREPRESENTABLE;UNREPRESENTABLE;UNREPRESENTABLE;UNREPRESENTABLE;UNREPRESENTABLE;UNREPRESENTABLE;UNREPRESENTABLE;UNREPRESENTABLE;UNREPRESENTABLE;UNREPRESENTABLE;UNREPRESENTABLE;UNREPRESENTABLE;UNREPRESENTABLE;UNREPRESENTABLE;UNREPRESENTABLE;UNREPRESENTABLE;UNREPRESENTABLE;UNREPRESENTABLE;UNREPRESENTABLE;UNREPRESENTABLE;UNREPRESENTABLE;UNREPRESENTABLE;UNREPRESENTABLE;UNREPRESENTABLE;UNREPRESENTABLE;UNREPRESENTABLE;UNREPRESENTABLE;UNREPRESENTABLE;UNREPRESENTABLE;UNREPRESENTABLE;UNREPRESENTABLE;UNREPRESENTABLE;UNREPRESENTABLE;UNREPRESENTABLE;UNREPRESENTABLE;UNREPRESENTABLE;UNREPRESENTABLE;UNREPRESENTABLE;UNREPRESENTABLE;UNREPRESENTABLE;UNREPRESENTABLE;UNREPRESENTABLE;UNREPRESENTABLE,63,0,209,"whole/L1/9:-2^31,-42,-1,0,1,7,42,1000,2^31-1","fractional/L1/7:-1.5,-1.0,-0.0,+0.0,1.0,1.5,2^53"
A5_5_4,1,whole|whole,Long,Int,"whole/L1/17:-2^63,-2^63+1,-2^53-1,-2^31,-42,-1,0,1,7,42,1000,2^31-1,2^31,2^53-1,2^53+1,2^63-1,2^64-1","whole/L1/17:-2^63,-2^63+1,-2^53-1,-2^31,-42,-1,0,1,7,42,1000,2^31-1,2^31,2^53-1,2^53+1,2^63-1,2^64-1",289,UNREPRESENTABLE;UNREPRESENTABLE;UNREPRESENTABLE;true;true;true;true;true;true;true;true;true;UNREPRESENTABLE;UNREPRESENTABLE;UNREPRESENTABLE;UNREPRESENTABLE;UNREPRESENTABLE;UNREPRESENTABLE;UNREPRESENTABLE;UNREPRESENTABLE;true;true;true;true;true;true;true;true;true;UNREPRESENTABLE;UNREPRESENTABLE;UNREPRESENTABLE;UNREPRESENTABLE;UNREPRESENTABLE;UNREPRESENTABLE;UNREPRESENTABLE;UNREPRESENTABLE;true;true;true;true;true;true;true;true;true;UNREPRESENTABLE;UNREPRESENTABLE;UNREPRESENTABLE;UNREPRESENTABLE;UNREPRESENTABLE;UNREPRESENTABLE;UNREPRESENTABLE;UNREPRESENTABLE;false;true;true;true;true;true;true;true;true;UNREPRESENTABLE;UNREPRESENTABLE;UNREPRESENTABLE;UNREPRESENTABLE;UNREPRESENTABLE;UNREPRESENTABLE;UNREPRESENTABLE;UNREPRESENTABLE;false;false;true;true;true;true;true;true;true;UNREPRESENTABLE;UNREPRESENTABLE;UNREPRESENTABLE;UNREPRESENTABLE;UNREPRESENTABLE;UNREPRESENTABLE;UNREPRESENTABLE;UNREPRESENTABLE;false;false;false;true;true;true;true;true;true;UNREPRESENTABLE;UNREPRESENTABLE;UNREPRESENTABLE;UNREPRESENTABLE;UNREPRESENTABLE;UNREPRESENTABLE;UNREPRESENTABLE;UNREPRESENTABLE;false;false;false;false;true;true;true;true;true;UNREPRESENTABLE;UNREPRESENTABLE;UNREPRESENTABLE;UNREPRESENTABLE;UNREPRESENTABLE;UNREPRESENTABLE;UNREPRESENTABLE;UNREPRESENTABLE;false;false;false;false;false;true;true;true;true;UNREPRESENTABLE;UNREPRESENTABLE;UNREPRESENTABLE;UNREPRESENTABLE;UNREPRESENTABLE;UNREPRESENTABLE;UNREPRESENTABLE;UNREPRESENTABLE;false;false;false;false;false;false;true;true;true;UNREPRESENTABLE;UNREPRESENTABLE;UNREPRESENTABLE;UNREPRESENTABLE;UNREPRESENTABLE;UNREPRESENTABLE;UNREPRESENTABLE;UNREPRESENTABLE;false;false;false;false;false;false;false;true;true;UNREPRESENTABLE;UNREPRESENTABLE;UNREPRESENTABLE;UNREPRESENTABLE;UNREPRESENTABLE;UNREPRESENTABLE;UNREPRESENTABLE;UNREPRESENTABLE;false;false;false;false;false;false;false;false;true;UNREPRESENTABLE;UNREPRESENTABLE;UNREPRESENTABLE;UNREPRESENTABLE;UNREPRESENTABLE;UNREPRESENTABLE;UNREPRESENTABLE;UNREPRESENTABLE;false;false;false;false;false;false;false;false;false;UNREPRESENTABLE;UNREPRESENTABLE;UNREPRESENTABLE;UNREPRESENTABLE;UNREPRESENTABLE;UNREPRESENTABLE;UNREPRESENTABLE;UNREPRESENTABLE;false;false;false;false;false;false;false;false;false;UNREPRESENTABLE;UNREPRESENTABLE;UNREPRESENTABLE;UNREPRESENTABLE;UNREPRESENTABLE;UNREPRESENTABLE;UNREPRESENTABLE;UNREPRESENTABLE;false;false;false;false;false;false;false;false;false;UNREPRESENTABLE;UNREPRESENTABLE;UNREPRESENTABLE;UNREPRESENTABLE;UNREPRESENTABLE;UNREPRESENTABLE;UNREPRESENTABLE;UNREPRESENTABLE;false;false;false;false;false;false;false;false;false;UNREPRESENTABLE;UNREPRESENTABLE;UNREPRESENTABLE;UNREPRESENTABLE;UNREPRESENTABLE;UNREPRESENTABLE;UNREPRESENTABLE;UNREPRESENTABLE;false;false;false;false;false;false;false;false;false;UNREPRESENTABLE;UNREPRESENTABLE;UNREPRESENTABLE;UNREPRESENTABLE;UNREPRESENTABLE;UNREPRESENTABLE;UNREPRESENTABLE;UNREPRESENTABLE;UNREPRESENTABLE;UNREPRESENTABLE;UNREPRESENTABLE;UNREPRESENTABLE;UNREPRESENTABLE;UNREPRESENTABLE;UNREPRESENTABLE;UNREPRESENTABLE;UNREPRESENTABLE;UNREPRESENTABLE;UNREPRESENTABLE;UNREPRESENTABLE;UNREPRESENTABLE;UNREPRESENTABLE,144,0,145,"whole/L1/16:-2^63,-2^63+1,-2^53-1,-2^31,-42,-1,0,1,7,42,1000,2^31-1,2^31,2^53-1,2^53+1,2^63-1","whole/L1/9:-2^31,-42,-1,0,1,7,42,1000,2^31-1"
A5_5_5,1,whole|whole,Long,Long,"whole/L1/17:-2^63,-2^63+1,-2^53-1,-2^31,-42,-1,0,1,7,42,1000,2^31-1,2^31,2^53-1,2^53+1,2^63-1,2^64-1","whole/L1/17:-2^63,-2^63+1,-2^53-1,-2^31,-42,-1,0,1,7,42,1000,2^31-1,2^31,2^53-1,2^53+1,2^63-1,2^64-1",289,false;true;true;true;true;true;true;true;true;true;true;true;true;true;true;true;UNREPRESENTABLE;false;false;true;true;true;true;true;true;true;true;true;true;true;true;true;true;UNREPRESENTABLE;false;false;false;true;true;true;true;true;true;true;true;true;true;true;true;true;UNREPRESENTABLE;false;false;false;false;true;true;true;true;true;true;true;true;true;true;true;true;UNREPRESENTABLE;false;false;false;false;false;true;true;true;true;true;true;true;true;true;true;true;UNREPRESENTABLE;false;false;false;false;false;false;true;true;true;true;true;true;true;true;true;true;UNREPRESENTABLE;false;false;false;false;false;false;false;true;true;true;true;true;true;true;true;true;UNREPRESENTABLE;false;false;false;false;false;false;false;false;true;true;true;true;true;true;true;true;UNREPRESENTABLE;false;false;false;false;false;false;false;false;false;true;true;true;true;true;true;true;UNREPRESENTABLE;false;false;false;false;false;false;false;false;false;false;true;true;true;true;true;true;UNREPRESENTABLE;false;false;false;false;false;false;false;false;false;false;false;true;true;true;true;true;UNREPRESENTABLE;false;false;false;false;false;false;false;false;false;false;false;false;true;true;true;true;UNREPRESENTABLE;false;false;false;false;false;false;false;false;false;false;false;false;false;true;true;true;UNREPRESENTABLE;false;false;false;false;false;false;false;false;false;false;false;false;false;false;true;true;UNREPRESENTABLE;false;false;false;false;false;false;false;false;false;false;false;false;false;false;false;true;UNREPRESENTABLE;false;false;false;false;false;false;false;false;false;false;false;false;false;false;false;false;UNREPRESENTABLE;UNREPRESENTABLE;UNREPRESENTABLE;UNREPRESENTABLE;UNREPRESENTABLE;UNREPRESENTABLE;UNREPRESENTABLE;UNREPRESENTABLE;UNREPRESENTABLE;UNREPRESENTABLE;UNREPRESENTABLE;UNREPRESENTABLE;UNREPRESENTABLE;UNREPRESENTABLE;UNREPRESENTABLE;UNREPRESENTABLE;UNREPRESENTABLE;UNREPRESENTABLE,256,0,33,"whole/L1/16:-2^63,-2^63+1,-2^53-1,-2^31,-42,-1,0,1,7,42,1000,2^31-1,2^31,2^53-1,2^53+1,2^63-1","whole/L1/16:-2^63,-2^63+1,-2^53-1,-2^31,-42,-1,0,1,7,42,1000,2^31-1,2^31,2^53-1,2^53+1,2^63-1"
A5_5_8,1,whole|fractional,Long,Double,"whole/L1/17:-2^63,-2^63+1,-2^53-1,-2^31,-42,-1,0,1,7,42,1000,2^31-1,2^31,2^53-1,2^53+1,2^63-1,2^64-1","fractional/L1/16:-max_finite,-1.5,-1.0,-(1.0-1ulp),-0.0,+0.0,+min_subnormal,+min_normal,1.0-1ulp,1.0,1.0+1ulp,1.5,pi,2^53,max_finite,0.1",272,false;true;true;true;true;true;true;true;true;true;true;true;true;true;true;true;false;true;true;true;true;true;true;true;true;true;true;true;true;true;true;true;false;true;true;true;true;true;true;true;true;true;true;true;true;true;true;true;false;true;true;true;true;true;true;true;true;true;true;true;true;true;true;true;false;true;true;true;true;true;true;true;true;true;true;true;true;true;true;true;false;false;false;true;true;true;true;true;true;true;true;true;true;true;true;true;false;false;false;false;false;false;true;true;true;true;true;true;true;true;true;true;false;false;false;false;false;false;false;false;false;false;true;true;true;true;true;false;false;false;false;false;false;false;false;false;false;false;false;false;false;true;true;false;false;false;false;false;false;false;false;false;false;false;false;false;false;true;true;false;false;false;false;false;false;false;false;false;false;false;false;false;false;true;true;false;false;false;false;false;false;false;false;false;false;false;false;false;false;true;true;false;false;false;false;false;false;false;false;false;false;false;false;false;false;true;true;false;false;false;false;false;false;false;false;false;false;false;false;false;false;true;true;false;false;false;false;false;false;false;false;false;false;false;false;false;false;false;true;false;false;false;false;false;false;false;false;false;false;false;false;false;false;false;true;false;UNREPRESENTABLE;UNREPRESENTABLE;UNREPRESENTABLE;UNREPRESENTABLE;UNREPRESENTABLE;UNREPRESENTABLE;UNREPRESENTABLE;UNREPRESENTABLE;UNREPRESENTABLE;UNREPRESENTABLE;UNREPRESENTABLE;UNREPRESENTABLE;UNREPRESENTABLE;UNREPRESENTABLE;UNREPRESENTABLE;UNREPRESENTABLE,256,0,16,"whole/L1/16:-2^63,-2^63+1,-2^53-1,-2^31,-42,-1,0,1,7,42,1000,2^31-1,2^31,2^53-1,2^53+1,2^63-1","fractional/L1/16:-max_finite,-1.5,-1.0,-(1.0-1ulp),-0.0,+0.0,+min_subnormal,+min_normal,1.0-1ulp,1.0,1.0+1ulp,1.5,pi,2^53,max_finite,0.1"
A5_5_9,1,whole|fractional,Long,Float,"whole/L1/17:-2^63,-2^63+1,-2^53-1,-2^31,-42,-1,0,1,7,42,1000,2^31-1,2^31,2^53-1,2^53+1,2^63-1,2^64-1","fractional/L1/16:-max_finite,-1.5,-1.0,-(1.0-1ulp),-0.0,+0.0,+min_subnormal,+min_normal,1.0-1ulp,1.0,1.0+1ulp,1.5,pi,2^53,max_finite,0.1",272,UNREPRESENTABLE;true;true;UNREPRESENTABLE;true;true;UNREPRESENTABLE;UNREPRESENTABLE;UNREPRESENTABLE;true;UNREPRESENTABLE;true;UNREPRESENTABLE;true;UNREPRESENTABLE;UNREPRESENTABLE;UNREPRESENTABLE;true;true;UNREPRESENTABLE;true;true;UNREPRESENTABLE;UNREPRESENTABLE;UNREPRESENTABLE;true;UNREPRESENTABLE;true;UNREPRESENTABLE;true;UNREPRESENTABLE;UNREPRESENTABLE;UNREPRESENTABLE;true;true;UNREPRESENTABLE;true;true;UNREPRESENTABLE;UNREPRESENTABLE;UNREPRESENTABLE;true;UNREPRESENTABLE;true;UNREPRESENTABLE;true;UNREPRESENTABLE;UNREPRESENTABLE;UNREPRESENTABLE;true;true;UNREPRESENTABLE;true;true;UNREPRESENTABLE;UNREPRESENTABLE;UNREPRESENTABLE;true;UNREPRESENTABLE;true;UNREPRESENTABLE;true;UNREPRESENTABLE;UNREPRESENTABLE;UNREPRESENTABLE;true;true;UNREPRESENTABLE;true;true;UNREPRESENTABLE;UNREPRESENTABLE;UNREPRESENTABLE;true;UNREPRESENTABLE;true;UNREPRESENTABLE;true;UNREPRESENTABLE;UNREPRESENTABLE;UNREPRESENTABLE;false;false;UNREPRESENTABLE;true;true;UNREPRESENTABLE;UNREPRESENTABLE;UNREPRESENTABLE;true;UNREPRESENTABLE;true;UNREPRESENTABLE;true;UNREPRESENTABLE;UNREPRESENTABLE;UNREPRESENTABLE;false;false;UNREPRESENTABLE;false;false;UNREPRESENTABLE;UNREPRESENTABLE;UNREPRESENTABLE;true;UNREPRESENTABLE;true;UNREPRESENTABLE;true;UNREPRESENTABLE;UNREPRESENTABLE;UNREPRESENTABLE;false;false;UNREPRESENTABLE;false;false;UNREPRESENTABLE;UNREPRESENTABLE;UNREPRESENTABLE;false;UNREPRESENTABLE;true;UNREPRESENTABLE;true;UNREPRESENTABLE;UNREPRESENTABLE;UNREPRESENTABLE;false;false;UNREPRESENTABLE;false;false;UNREPRESENTABLE;UNREPRESENTABLE;UNREPRESENTABLE;false;UNREPRESENTABLE;false;UNREPRESENTABLE;true;UNREPRESENTABLE;UNREPRESENTABLE;UNREPRESENTABLE;false;false;UNREPRESENTABLE;false;false;UNREPRESENTABLE;UNREPRESENTABLE;UNREPRESENTABLE;false;UNREPRESENTABLE;false;UNREPRESENTABLE;true;UNREPRESENTABLE;UNREPRESENTABLE;UNREPRESENTABLE;false;false;UNREPRESENTABLE;false;false;UNREPRESENTABLE;UNREPRESENTABLE;UNREPRESENTABLE;false;UNREPRESENTABLE;false;UNREPRESENTABLE;true;UNREPRESENTABLE;UNREPRESENTABLE;UNREPRESENTABLE;false;false;UNREPRESENTABLE;false;false;UNREPRESENTABLE;UNREPRESENTABLE;UNREPRESENTABLE;false;UNREPRESENTABLE;false;UNREPRESENTABLE;true;UNREPRESENTABLE;UNREPRESENTABLE;UNREPRESENTABLE;false;false;UNREPRESENTABLE;false;false;UNREPRESENTABLE;UNREPRESENTABLE;UNREPRESENTABLE;false;UNREPRESENTABLE;false;UNREPRESENTABLE;true;UNREPRESENTABLE;UNREPRESENTABLE;UNREPRESENTABLE;false;false;UNREPRESENTABLE;false;false;UNREPRESENTABLE;UNREPRESENTABLE;UNREPRESENTABLE;false;UNREPRESENTABLE;false;UNREPRESENTABLE;false;UNREPRESENTABLE;UNREPRESENTABLE;UNREPRESENTABLE;false;false;UNREPRESENTABLE;false;false;UNREPRESENTABLE;UNREPRESENTABLE;UNREPRESENTABLE;false;UNREPRESENTABLE;false;UNREPRESENTABLE;false;UNREPRESENTABLE;UNREPRESENTABLE;UNREPRESENTABLE;false;false;UNREPRESENTABLE;false;false;UNREPRESENTABLE;UNREPRESENTABLE;UNREPRESENTABLE;false;UNREPRESENTABLE;false;UNREPRESENTABLE;false;UNREPRESENTABLE;UNREPRESENTABLE;UNREPRESENTABLE;UNREPRESENTABLE;UNREPRESENTABLE;UNREPRESENTABLE;UNREPRESENTABLE;UNREPRESENTABLE;UNREPRESENTABLE;UNREPRESENTABLE;UNREPRESENTABLE;UNREPRESENTABLE;UNREPRESENTABLE;UNREPRESENTABLE;UNREPRESENTABLE;UNREPRESENTABLE;UNREPRESENTABLE;UNREPRESENTABLE,112,0,160,"whole/L1/16:-2^63,-2^63+1,-2^53-1,-2^31,-42,-1,0,1,7,42,1000,2^31-1,2^31,2^53-1,2^53+1,2^63-1","fractional/L1/7:-1.5,-1.0,-0.0,+0.0,1.0,1.5,2^53"
A5_8_4,1,fractional|whole,Double,Int,"fractional/L1/16:-max_finite,-1.5,-1.0,-(1.0-1ulp),-0.0,+0.0,+min_subnormal,+min_normal,1.0-1ulp,1.0,1.0+1ulp,1.5,pi,2^53,max_finite,0.1","whole/L1/17:-2^63,-2^63+1,-2^53-1,-2^31,-42,-1,0,1,7,42,1000,2^31-1,2^31,2^53-1,2^53+1,2^63-1,2^64-1",272,UNREPRESENTABLE;UNREPRESENTABLE;UNREPRESENTABLE;true;true;true;true;true;true;true;true;true;UNREPRESENTABLE;UNREPRESENTABLE;UNREPRESENTABLE;UNREPRESENTABLE;UNREPRESENTABLE;UNREPRESENTABLE;UNREPRESENTABLE;UNREPRESENTABLE;false;false;true;true;true;true;true;true;true;UNREPRESENTABLE;UNREPRESENTABLE;UNREPRESENTABLE;UNREPRESENTABLE;UNREPRESENTABLE;UNREPRESENTABLE;UNREPRESENTABLE;UNREPRESENTABLE;false;false;false;true;true;true;true;true;true;UNREPRESENTABLE;UNREPRESENTABLE;UNREPRESENTABLE;UNREPRESENTABLE;UNREPRESENTABLE;UNREPRESENTABLE;UNREPRESENTABLE;UNREPRESENTABLE;false;false;false;true;true;true;true;true;true;UNREPRESENTABLE;UNREPRESENTABLE;UNREPRESENTABLE;UNREPRESENTABLE;UNREPRESENTABLE;UNREPRESENTABLE;UNREPRESENTABLE;UNREPRESENTABLE;false;false;false;false;true;true;true;true;true;UNREPRESENTABLE;UNREPRESENTABLE;UNREPRESENTABLE;UNREPRESENTABLE;UNREPRESENTABLE;UNREPRESENTABLE;UNREPRESENTABLE;UNREPRESENTABLE;false;false;false;false;true;true;true;true;true;UNREPRESENTABLE;UNREPRESENTABLE;UNREPRESENTABLE;UNREPRESENTABLE;UNREPRESENTABLE;UNREPRESENTABLE;UNREPRESENTABLE;UNREPRESENTABLE;false;false;false;false;true;true;true;true;true;UNREPRESENTABLE;UNREPRESENTABLE;UNREPRESENTABLE;UNREPRESENTABLE;UNREPRESENTABLE;UNREPRESENTABLE;UNREPRESENTABLE;UNREPRESENTABLE;false;false;false;false;true;true;true;true;true;UNREPRESENTABLE;UNREPRESENTABLE;UNREPRESENTABLE;UNREPRESENTABLE;UNREPRESENTABLE;UNREPRESENTABLE;UNREPRESENTABLE;UNREPRESENTABLE;false;false;false;false;true;true;true;true;true;UNREPRESENTABLE;UNREPRESENTABLE;UNREPRESENTABLE;UNREPRESENTABLE;UNREPRESENTABLE;UNREPRESENTABLE;UNREPRESENTABLE;UNREPRESENTABLE;false;false;false;false;false;true;true;true;true;UNREPRESENTABLE;UNREPRESENTABLE;UNREPRESENTABLE;UNREPRESENTABLE;UNREPRESENTABLE;UNREPRESENTABLE;UNREPRESENTABLE;UNREPRESENTABLE;false;false;false;false;false;true;true;true;true;UNREPRESENTABLE;UNREPRESENTABLE;UNREPRESENTABLE;UNREPRESENTABLE;UNREPRESENTABLE;UNREPRESENTABLE;UNREPRESENTABLE;UNREPRESENTABLE;false;false;false;false;false;true;true;true;true;UNREPRESENTABLE;UNREPRESENTABLE;UNREPRESENTABLE;UNREPRESENTABLE;UNREPRESENTABLE;UNREPRESENTABLE;UNREPRESENTABLE;UNREPRESENTABLE;false;false;false;false;false;true;true;true;true;UNREPRESENTABLE;UNREPRESENTABLE;UNREPRESENTABLE;UNREPRESENTABLE;UNREPRESENTABLE;UNREPRESENTABLE;UNREPRESENTABLE;UNREPRESENTABLE;false;false;false;false;false;false;false;false;false;UNREPRESENTABLE;UNREPRESENTABLE;UNREPRESENTABLE;UNREPRESENTABLE;UNREPRESENTABLE;UNREPRESENTABLE;UNREPRESENTABLE;UNREPRESENTABLE;false;false;false;false;false;false;false;false;false;UNREPRESENTABLE;UNREPRESENTABLE;UNREPRESENTABLE;UNREPRESENTABLE;UNREPRESENTABLE;UNREPRESENTABLE;UNREPRESENTABLE;UNREPRESENTABLE;false;false;false;false;true;true;true;true;true;UNREPRESENTABLE;UNREPRESENTABLE;UNREPRESENTABLE;UNREPRESENTABLE;UNREPRESENTABLE,144,0,128,"fractional/L1/16:-max_finite,-1.5,-1.0,-(1.0-1ulp),-0.0,+0.0,+min_subnormal,+min_normal,1.0-1ulp,1.0,1.0+1ulp,1.5,pi,2^53,max_finite,0.1","whole/L1/9:-2^31,-42,-1,0,1,7,42,1000,2^31-1"
A5_8_5,1,fractional|whole,Double,Long,"fractional/L1/16:-max_finite,-1.5,-1.0,-(1.0-1ulp),-0.0,+0.0,+min_subnormal,+min_normal,1.0-1ulp,1.0,1.0+1ulp,1.5,pi,2^53,max_finite,0.1","whole/L1/17:-2^63,-2^63+1,-2^53-1,-2^31,-42,-1,0,1,7,42,1000,2^31-1,2^31,2^53-1,2^53+1,2^63-1,2^64-1",272,true;true;true;true;true;true;true;true;true;true;true;true;true;true;true;true;UNREPRESENTABLE;false;false;false;false;false;true;true;true;true;true;true;true;true;true;true;true;UNREPRESENTABLE;false;false;false;false;false;false;true;true;true;true;true;true;true;true;true;true;UNREPRESENTABLE;false;false;false;false;false;false;true;true;true;true;true;true;true;true;true;true;UNREPRESENTABLE;false;false;false;false;false;false;false;true;true;true;true;true;true;true;true;true;UNREPRESENTABLE;false;false;false;false;false;false;false;true;true;true;true;true;true;true;true;true;UNREPRESENTABLE;false;false;false;false;false;false;false;true;true;true;true;true;true;true;true;true;UNREPRESENTABLE;false;false;false;false;false;false;false;true;true;true;true;true;true;true;true;true;UNREPRESENTABLE;false;false;false;false;false;false;false;true;true;true;true;true;true;true;true;true;UNREPRESENTABLE;false;false;false;false;false;false;false;false;true;true;true;true;true;true;true;true;UNREPRESENTABLE;false;false;false;false;false;false;false;false;true;true;true;true;true;true;true;true;UNREPRESENTABLE;false;false;false;false;false;false;false;false;true;true;true;true;true;true;true;true;UNREPRESENTABLE;false;false;false;false;false;false;false;false;true;true;true;true;true;true;true;true;UNREPRESENTABLE;false;false;false;false;false;false;false;false;false;false;false;false;false;false;false;true;UNREPRESENTABLE;false;false;false;false;false;false;false;false;false;false;false;false;false;false;false;false;UNREPRESENTABLE;false;false;false;false;false;false;false;true;true;true;true;true;true;true;true;true;UNREPRESENTABLE,256,0,16,"fractional/L1/16:-max_finite,-1.5,-1.0,-(1.0-1ulp),-0.0,+0.0,+min_subnormal,+min_normal,1.0-1ulp,1.0,1.0+1ulp,1.5,pi,2^53,max_finite,0.1","whole/L1/16:-2^63,-2^63+1,-2^53-1,-2^31,-42,-1,0,1,7,42,1000,2^31-1,2^31,2^53-1,2^53+1,2^63-1"
A5_8_8,1,fractional|fractional,Double,Double,"fractional/L1/16:-max_finite,-1.5,-1.0,-(1.0-1ulp),-0.0,+0.0,+min_subnormal,+min_normal,1.0-1ulp,1.0,1.0+1ulp,1.5,pi,2^53,max_finite,0.1","fractional/L1/16:-max_finite,-1.5,-1.0,-(1.0-1ulp),-0.0,+0.0,+min_subnormal,+min_normal,1.0-1ulp,1.0,1.0+1ulp,1.5,pi,2^53,max_finite,0.1",256,false;true;true;true;true;true;true;true;true;true;true;true;true;true;true;true;false;false;true;true;true;true;true;true;true;true;true;true;true;true;true;true;false;false;false;true;true;true;true;true;true;true;true;true;true;true;true;true;false;false;false;false;true;true;true;true;true;true;true;true;true;true;true;true;false;false;false;false;false;false;true;true;true;true;true;true;true;true;true;true;false;false;false;false;false;false;true;true;true;true;true;true;true;true;true;true;false;false;false;false;false;false;false;true;true;true;true;true;true;true;true;true;false;false;false;false;false;false;false;false;true;true;true;true;true;true;true;true;false;false;false;false;false;false;false;false;false;true;true;true;true;true;true;false;false;false;false;false;false;false;false;false;false;false;true;true;true;true;true;false;false;false;false;false;false;false;false;false;false;false;false;true;true;true;true;false;false;false;false;false;false;false;false;false;false;false;false;false;true;true;true;false;false;false;false;false;false;false;false;false;false;false;false;false;false;true;true;false;false;false;false;false;false;false;false;false;false;false;false;false;false;false;true;false;false;false;false;false;false;false;false;false;false;false;false;false;false;false;false;false;false;false;false;false;false;false;false;false;true;true;true;true;true;true;true;false,256,0,0,"fractional/L1/16:-max_finite,-1.5,-1.0,-(1.0-1ulp),-0.0,+0.0,+min_subnormal,+min_normal,1.0-1ulp,1.0,1.0+1ulp,1.5,pi,2^53,max_finite,0.1","fractional/L1/16:-max_finite,-1.5,-1.0,-(1.0-1ulp),-0.0,+0.0,+min_subnormal,+min_normal,1.0-1ulp,1.0,1.0+1ulp,1.5,pi,2^53,max_finite,0.1"
A5_8_9,1,fractional|fractional,Double,Float,"fractional/L1/16:-max_finite,-1.5,-1.0,-(1.0-1ulp),-0.0,+0.0,+min_subnormal,+min_normal,1.0-1ulp,1.0,1.0+1ulp,1.5,pi,2^53,max_finite,0.1","fractional/L1/16:-max_finite,-1.5,-1.0,-(1.0-1ulp),-0.0,+0.0,+min_subnormal,+min_normal,1.0-1ulp,1.0,1.0+1ulp,1.5,pi,2^53,max_finite,0.1",256,UNREPRESENTABLE;true;true;UNREPRESENTABLE;true;true;UNREPRESENTABLE;UNREPRESENTABLE;UNREPRESENTABLE;true;UNREPRESENTABLE;true;UNREPRESENTABLE;true;UNREPRESENTABLE;UNREPRESENTABLE;UNREPRESENTABLE;false;true;UNREPRESENTABLE;true;true;UNREPRESENTABLE;UNREPRESENTABLE;UNREPRESENTABLE;true;UNREPRESENTABLE;true;UNREPRESENTABLE;true;UNREPRESENTABLE;UNREPRESENTABLE;UNREPRESENTABLE;false;false;UNREPRESENTABLE;true;true;UNREPRESENTABLE;UNREPRESENTABLE;UNREPRESENTABLE;true;UNREPRESENTABLE;true;UNREPRESENTABLE;true;UNREPRESENTABLE;UNREPRESENTABLE;UNREPRESENTABLE;false;false;UNREPRESENTABLE;true;true;UNREPRESENTABLE;UNREPRESENTABLE;UNREPRESENTABLE;true;UNREPRESENTABLE;true;UNREPRESENTABLE;true;UNREPRESENTABLE;UNREPRESENTABLE;UNREPRESENTABLE;false;false;UNREPRESENTABLE;false;false;UNREPRESENTABLE;UNREPRESENTABLE;UNREPRESENTABLE;true;UNREPRESENTABLE;true;UNREPRESENTABLE;true;UNREPRESENTABLE;UNREPRESENTABLE;UNREPRESENTABLE;false;false;UNREPRESENTABLE;false;false;UNREPRESENTABLE;UNREPRESENTABLE;UNREPRESENTABLE;true;UNREPRESENTABLE;true;UNREPRESENTABLE;true;UNREPRESENTABLE;UNREPRESENTABLE;UNREPRESENTABLE;false;false;UNREPRESENTABLE;false;false;UNREPRESENTABLE;UNREPRESENTABLE;UNREPRESENTABLE;true;UNREPRESENTABLE;true;UNREPRESENTABLE;true;UNREPRESENTABLE;UNREPRESENTABLE;UNREPRESENTABLE;false;false;UNREPRESENTABLE;false;false;UNREPRESENTABLE;UNREPRESENTABLE;UNREPRESENTABLE;true;UNREPRESENTABLE;true;UNREPRESENTABLE;true;UNREPRESENTABLE;UNREPRESENTABLE;UNREPRESENTABLE;false;false;UNREPRESENTABLE;false;false;UNREPRESENTABLE;UNREPRESENTABLE;UNREPRESENTABLE;true;UNREPRESENTABLE;true;UNREPRESENTABLE;true;UNREPRESENTABLE;UNREPRESENTABLE;UNREPRESENTABLE;false;false;UNREPRESENTABLE;false;false;UNREPRESENTABLE;UNREPRESENTABLE;UNREPRESENTABLE;false;UNREPRESENTABLE;true;UNREPRESENTABLE;true;UNREPRESENTABLE;UNREPRESENTABLE;UNREPRESENTABLE;false;false;UNREPRESENTABLE;false;false;UNREPRESENTABLE;UNREPRESENTABLE;UNREPRESENTABLE;false;UNREPRESENTABLE;true;UNREPRESENTABLE;true;UNREPRESENTABLE;UNREPRESENTABLE;UNREPRESENTABLE;false;false;UNREPRESENTABLE;false;false;UNREPRESENTABLE;UNREPRESENTABLE;UNREPRESENTABLE;false;UNREPRESENTABLE;false;UNREPRESENTABLE;true;UNREPRESENTABLE;UNREPRESENTABLE;UNREPRESENTABLE;false;false;UNREPRESENTABLE;false;false;UNREPRESENTABLE;UNREPRESENTABLE;UNREPRESENTABLE;false;UNREPRESENTABLE;false;UNREPRESENTABLE;true;UNREPRESENTABLE;UNREPRESENTABLE;UNREPRESENTABLE;false;false;UNREPRESENTABLE;false;false;UNREPRESENTABLE;UNREPRESENTABLE;UNREPRESENTABLE;false;UNREPRESENTABLE;false;UNREPRESENTABLE;false;UNREPRESENTABLE;UNREPRESENTABLE;UNREPRESENTABLE;false;false;UNREPRESENTABLE;false;false;UNREPRESENTABLE;UNREPRESENTABLE;UNREPRESENTABLE;false;UNREPRESENTABLE;false;UNREPRESENTABLE;false;UNREPRESENTABLE;UNREPRESENTABLE;UNREPRESENTABLE;false;false;UNREPRESENTABLE;false;false;UNREPRESENTABLE;UNREPRESENTABLE;UNREPRESENTABLE;true;UNREPRESENTABLE;true;UNREPRESENTABLE;true;UNREPRESENTABLE;UNREPRESENTABLE,112,0,144,"fractional/L1/16:-max_finite,-1.5,-1.0,-(1.0-1ulp),-0.0,+0.0,+min_subnormal,+min_normal,1.0-1ulp,1.0,1.0+1ulp,1.5,pi,2^53,max_finite,0.1","fractional/L1/7:-1.5,-1.0,-0.0,+0.0,1.0,1.5,2^53"
A5_9_4,1,fractional|whole,Float,Int,"fractional/L1/16:-max_finite,-1.5,-1.0,-(1.0-1ulp),-0.0,+0.0,+min_subnormal,+min_normal,1.0-1ulp,1.0,1.0+1ulp,1.5,pi,2^53,max_finite,0.1","whole/L1/17:-2^63,-2^63+1,-2^53-1,-2^31,-42,-1,0,1,7,42,1000,2^31-1,2^31,2^53-1,2^53+1,2^63-1,2^64-1",272,UNREPRESENTABLE;UNREPRESENTABLE;UNREPRESENTABLE;UNREPRESENTABLE;UNREPRESENTABLE;UNREPRESENTABLE;UNREPRESENTABLE;UNREPRESENTABLE;UNREPRESENTABLE;UNREPRESENTABLE;UNREPRESENTABLE;UNREPRESENTABLE;UNREPRESENTABLE;UNREPRESENTABLE;UNREPRESENTABLE;UNREPRESENTABLE;UNREPRESENTABLE;UNREPRESENTABLE;UNREPRESENTABLE;UNREPRESENTABLE;false;false;true;true;true;true;true;true;true;UNREPRESENTABLE;UNREPRESENTABLE;UNREPRESENTABLE;UNREPRESENTABLE;UNREPRESENTABLE;UNREPRESENTABLE;UNREPRESENTABLE;UNREPRESENTABLE;false;false;false;true;true;true;true;true;true;UNREPRESENTABLE;UNREPRESENTABLE;UNREPRESENTABLE;UNREPRESENTABLE;UNREPRESENTABLE;UNREPRESENTABLE;UNREPRESENTABLE;UNREPRESENTABLE;UNREPRESENTABLE;UNREPRESENTABLE;UNREPRESENTABLE;UNREPRESENTABLE;UNREPRESENTABLE;UNREPRESENTABLE;UNREPRESENTABLE;UNREPRESENTABLE;UNREPRESENTABLE;UNREPRESENTABLE;UNREPRESENTABLE;UNREPRESENTABLE;UNREPRESENTABLE;UNREPRESENTABLE;UNREPRESENTABLE;UNREPRESENTABLE;UNREPRESENTABLE;false;false;false;false;true;true;true;true;true;UNREPRESENTABLE;UNREPRESENTABLE;UNREPRESENTABLE;UNREPRESENTABLE;UNREPRESENTABLE;UNREPRESENTABLE;UNREPRESENTABLE;UNREPRESENTABLE;false;false;false;false;true;true;true;true;true;UNREPRESENTABLE;UNREPRESENTABLE;UNREPRESENTABLE;UNREPRESENTABLE;UNREPRESENTABLE;UNREPRESENTABLE;UNREPRESENTABLE;UNREPRESENTABLE;UNREPRESENTABLE;UNREPRESENTABLE;UNREPRESENTABLE;UNREPRESENTABLE;UNREPRESENTABLE;UNREPRESENTABLE;UNREPRESENTABLE;UNREPRESENTABLE;UNREPRESENTABLE;UNREPRESENTABLE;UNREPRESENTABLE;UNREPRESENTABLE;UNREPRESENTABLE;UNREPRESENTABLE;UNREPRESENTABLE;UNREPRESENTABLE;UNREPRESENTABLE;UNREPRESENTABLE;UNREPRESENTABLE;UNREPRESENTABLE;UNREPRESENTABLE;UNREPRESENTABLE;UNREPRESENTABLE;UNREPRESENTABLE;UNREPRESENTABLE;UNREPRESENTABLE;UNREPRESENTABLE;UNREPRESENTABLE;UNREPRESENTABLE;UNREPRESENTABLE;UNREPRESENTABLE;UNREPRESENTABLE;UNREPRESENTABLE;UNREPRESENTABLE;UNREPRESENTABLE;UNREPRESENTABLE;UNREPRESENTABLE;UNREPRESENTABLE;UNREPRESENTABLE;UNREPRESENTABLE;UNREPRESENTABLE;UNREPRESENTABLE;UNREPRESENTABLE;UNREPRESENTABLE;UNREPRESENTABLE;UNREPRESENTABLE;UNREPRESENTABLE;UNREPRESENTABLE;UNREPRESENTABLE;UNREPRESENTABLE;UNREPRESENTABLE;false;false;false;false;false;true;true;true;true;UNREPRESENTABLE;UNREPRESENTABLE;UNREPRESENTABLE;UNREPRESENTABLE;UNREPRESENTABLE;UNREPRESENTABLE;UNREPRESENTABLE;UNREPRESENTABLE;UNREPRESENTABLE;UNREPRESENTABLE;UNREPRESENTABLE;UNREPRESENTABLE;UNREPRESENTABLE;UNREPRESENTABLE;UNREPRESENTABLE;UNREPRESENTABLE;UNREPRESENTABLE;UNREPRESENTABLE;UNREPRESENTABLE;UNREPRESENTABLE;UNREPRESENTABLE;UNREPRESENTABLE;UNREPRESENTABLE;UNREPRESENTABLE;UNREPRESENTABLE;false;false;false;false;false;true;true;true;true;UNREPRESENTABLE;UNREPRESENTABLE;UNREPRESENTABLE;UNREPRESENTABLE;UNREPRESENTABLE;UNREPRESENTABLE;UNREPRESENTABLE;UNREPRESENTABLE;UNREPRESENTABLE;UNREPRESENTABLE;UNREPRESENTABLE;UNREPRESENTABLE;UNREPRESENTABLE;UNREPRESENTABLE;UNREPRESENTABLE;UNREPRESENTABLE;UNREPRESENTABLE;UNREPRESENTABLE;UNREPRESENTABLE;UNREPRESENTABLE;UNREPRESENTABLE;UNREPRESENTABLE;UNREPRESENTABLE;UNREPRESENTABLE;UNREPRESENTABLE;false;false;false;false;false;false;false;false;false;UNREPRESENTABLE;UNREPRESENTABLE;UNREPRESENTABLE;UNREPRESENTABLE;UNREPRESENTABLE;UNREPRESENTABLE;UNREPRESENTABLE;UNREPRESENTABLE;UNREPRESENTABLE;UNREPRESENTABLE;UNREPRESENTABLE;UNREPRESENTABLE;UNREPRESENTABLE;UNREPRESENTABLE;UNREPRESENTABLE;UNREPRESENTABLE;UNREPRESENTABLE;UNREPRESENTABLE;UNREPRESENTABLE;UNREPRESENTABLE;UNREPRESENTABLE;UNREPRESENTABLE;UNREPRESENTABLE;UNREPRESENTABLE;UNREPRESENTABLE;UNREPRESENTABLE;UNREPRESENTABLE;UNREPRESENTABLE;UNREPRESENTABLE;UNREPRESENTABLE;UNREPRESENTABLE;UNREPRESENTABLE;UNREPRESENTABLE;UNREPRESENTABLE;UNREPRESENTABLE;UNREPRESENTABLE;UNREPRESENTABLE;UNREPRESENTABLE;UNREPRESENTABLE,63,0,209,"fractional/L1/7:-1.5,-1.0,-0.0,+0.0,1.0,1.5,2^53","whole/L1/9:-2^31,-42,-1,0,1,7,42,1000,2^31-1"
A5_9_5,1,fractional|whole,Float,Long,"fractional/L1/16:-max_finite,-1.5,-1.0,-(1.0-1ulp),-0.0,+0.0,+min_subnormal,+min_normal,1.0-1ulp,1.0,1.0+1ulp,1.5,pi,2^53,max_finite,0.1","whole/L1/17:-2^63,-2^63+1,-2^53-1,-2^31,-42,-1,0,1,7,42,1000,2^31-1,2^31,2^53-1,2^53+1,2^63-1,2^64-1",272,UNREPRESENTABLE;UNREPRESENTABLE;UNREPRESENTABLE;UNREPRESENTABLE;UNREPRESENTABLE;UNREPRESENTABLE;UNREPRESENTABLE;UNREPRESENTABLE;UNREPRESENTABLE;UNREPRESENTABLE;UNREPRESENTABLE;UNREPRESENTABLE;UNREPRESENTABLE;UNREPRESENTABLE;UNREPRESENTABLE;UNREPRESENTABLE;UNREPRESENTABLE;false;false;false;false;false;true;true;true;true;true;true;true;true;true;true;true;UNREPRESENTABLE;false;false;false;false;false;false;true;true;true;true;true;true;true;true;true;true;UNREPRESENTABLE;UNREPRESENTABLE;UNREPRESENTABLE;UNREPRESENTABLE;UNREPRESENTABLE;UNREPRESENTABLE;UNREPRESENTABLE;UNREPRESENTABLE;UNREPRESENTABLE;UNREPRESENTABLE;UNREPRESENTABLE;UNREPRESENTABLE;UNREPRESENTABLE;UNREPRESENTABLE;UNREPRESENTABLE;UNREPRESENTABLE;UNREPRESENTABLE;UNREPRESENTABLE;false;false;false;false;false;false;false;true;true;true;true;true;true;true;true;true;UNREPRESENTABLE;false;false;false;false;false;false;false;true;true;true;true;true;true;true;true;true;UNREPRESENTABLE;UNREPRESENTABLE;UNREPRESENTABLE;UNREPRESENTABLE;UNREPRESENTABLE;UNREPRESENTABLE;UNREPRESENTABLE;UNREPRESENTABLE;UNREPRESENTABLE;UNREPRESENTABLE;UNREPRESENTABLE;UNREPRESENTABLE;UNREPRESENTABLE;UNREPRESENTABLE;UNREPRESENTABLE;UNREPRESENTABLE;UNREPRESENTABLE;UNREPRESENTABLE;UNREPRESENTABLE;UNREPRESENTABLE;UNREPRESENTABLE;UNREPRESENTABLE;UNREPRESENTABLE;UNREPRESENTABLE;UNREPRESENTABLE;UNREPRESENTABLE;UNREPRESENTABLE;UNREPRESENTABLE;UNREPRESENTABLE;UNREPRESENTABLE;UNREPRESENTABLE;UNREPRESENTABLE;UNREPRESENTABLE;UNREPRESENTABLE;UNREPRESENTABLE;UNREPRESENTABLE;UNREPRESENTABLE;UNREPRESENTABLE;UNREPRESENTABLE;UNREPRESENTABLE;UNREPRESENTABLE;UNREPRESENTABLE;UNREPRESENTABLE;UNREPRESENTABLE;UNREPRESENTABLE;UNREPRESENTABLE;UNREPRESENTABLE;UNREPRESENTABLE;UNREPRESENTABLE;UNREPRESENTABLE;UNREPRESENTABLE;UNREPRESENTABLE;false;false;false;false;false;false;false;false;true;true;true;true;true;true;true;true;UNREPRESENTABLE;UNREPRESENTABLE;UNREPRESENTABLE;UNREPRESENTABLE;UNREPRESENTABLE;UNREPRESENTABLE;UNREPRESENTABLE;UNREPRESENTABLE;UNREPRESENTABLE;UNREPRESENTABLE;UNREPRESENTABLE;UNREPRESENTABLE;UNREPRESENTABLE;UNREPRESENTABLE;UNREPRESENTABLE;UNREPRESENTABLE;UNREPRESENTABLE;UNREPRESENTABLE;false;false;false;false;false;false;false;false;true;true;true;true;true;true;true;true;UNREPRESENTABLE;UNREPRESENTABLE;UNREPRESENTABLE;UNREPRESENTABLE;UNREPRESENTABLE;UNREPRESENTABLE;UNREPRESENTABLE;UNREPRESENTABLE;UNREPRESENTABLE;UNREPRESENTABLE;UNREPRESENTABLE;UNREPRESENTABLE;UNREPRESENTABLE;UNREPRESENTABLE;UNREPRESENTABLE;UNREPRESENTABLE;UNREPRESENTABLE;UNREPRESENTABLE;false;false;false;false;false;false;false;false;false;false;false;false;false;false;false;true;UNREPRESENTABLE;UNREPRESENTABLE;UNREPRESENTABLE;UNREPRESENTABLE;UNREPRESENTABLE;UNREPRESENTABLE;UNREPRESENTABLE;UNREPRESENTABLE;UNREPRESENTABLE;UNREPRESENTABLE;UNREPRESENTABLE;UNREPRESENTABLE;UNREPRESENTABLE;UNREPRESENTABLE;UNREPRESENTABLE;UNREPRESENTABLE;UNREPRESENTABLE;UNREPRESENTABLE;UNREPRESENTABLE;UNREPRESENTABLE;UNREPRESENTABLE;UNREPRESENTABLE;UNREPRESENTABLE;UNREPRESENTABLE;UNREPRESENTABLE;UNREPRESENTABLE;UNREPRESENTABLE;UNREPRESENTABLE;UNREPRESENTABLE;UNREPRESENTABLE;UNREPRESENTABLE;UNREPRESENTABLE;UNREPRESENTABLE;UNREPRESENTABLE;UNREPRESENTABLE,112,0,160,"fractional/L1/7:-1.5,-1.0,-0.0,+0.0,1.0,1.5,2^53","whole/L1/16:-2^63,-2^63+1,-2^53-1,-2^31,-42,-1,0,1,7,42,1000,2^31-1,2^31,2^53-1,2^53+1,2^63-1"
A5_9_8,1,fractional|fractional,Float,Double,"fractional/L1/16:-max_finite,-1.5,-1.0,-(1.0-1ulp),-0.0,+0.0,+min_subnormal,+min_normal,1.0-1ulp,1.0,1.0+1ulp,1.5,pi,2^53,max_finite,0.1","fractional/L1/16:-max_finite,-1.5,-1.0,-(1.0-1ulp),-0.0,+0.0,+min_subnormal,+min_normal,1.0-1ulp,1.0,1.0+1ulp,1.5,pi,2^53,max_finite,0.1",256,UNREPRESENTABLE;UNREPRESENTABLE;UNREPRESENTABLE;UNREPRESENTABLE;UNREPRESENTABLE;UNREPRESENTABLE;UNREPRESENTABLE;UNREPRESENTABLE;UNREPRESENTABLE;UNREPRESENTABLE;UNREPRESENTABLE;UNREPRESENTABLE;UNREPRESENTABLE;UNREPRESENTABLE;UNREPRESENTABLE;UNREPRESENTABLE;false;false;true;true;true;true;true;true;true;true;true;true;true;true;true;true;false;false;false;true;true;true;true;true;true;true;true;true;true;true;true;true;UNREPRESENTABLE;UNREPRESENTABLE;UNREPRESENTABLE;UNREPRESENTABLE;UNREPRESENTABLE;UNREPRESENTABLE;UNREPRESENTABLE;UNREPRESENTABLE;UNREPRESENTABLE;UNREPRESENTABLE;UNREPRESENTABLE;UNREPRESENTABLE;UNREPRESENTABLE;UNREPRESENTABLE;UNREPRESENTABLE;UNREPRESENTABLE;false;false;false;false;false;false;true;true;true;true;true;true;true;true;true;true;false;false;false;false;false;false;true;true;true;true;true;true;true;true;true;true;UNREPRESENTABLE;UNREPRESENTABLE;UNREPRESENTABLE;UNREPRESENTABLE;UNREPRESENTABLE;UNREPRESENTABLE;UNREPRESENTABLE;UNREPRESENTABLE;UNREPRESENTABLE;UNREPRESENTABLE;UNREPRESENTABLE;UNREPRESENTABLE;UNREPRESENTABLE;UNREPRESENTABLE;UNREPRESENTABLE;UNREPRESENTABLE;UNREPRESENTABLE;UNREPRESENTABLE;UNREPRESENTABLE;UNREPRESENTABLE;UNREPRESENTABLE;UNREPRESENTABLE;UNREPRESENTABLE;UNREPRESENTABLE;UNREPRESENTABLE;UNREPRESENTABLE;UNREPRESENTABLE;UNREPRESENTABLE;UNREPRESENTABLE;UNREPRESENTABLE;UNREPRESENTABLE;UNREPRESENTABLE;UNREPRESENTABLE;UNREPRESENTABLE;UNREPRESENTABLE;UNREPRESENTABLE;UNREPRESENTABLE;UNREPRESENTABLE;UNREPRESENTABLE;UNREPRESENTABLE;UNREPRESENTABLE;UNREPRESENTABLE;UNREPRESENTABLE;UNREPRESENTABLE;UNREPRESENTABLE;UNREPRESENTABLE;UNREPRESENTABLE;UNREPRESENTABLE;false;false;false;false;false;false;false;false;false;false;true;true;true;true;true;false;UNREPRESENTABLE;UNREPRESENTABLE;UNREPRESENTABLE;UNREPRESENTABLE;UNREPRESENTABLE;UNREPRESENTABLE;UNREPRESENTABLE;UNREPRESENTABLE;UNREPRESENTABLE;UNREPRESENTABLE;UNREPRESENTABLE;UNREPRESENTABLE;UNREPRESENTABLE;UNREPRESENTABLE;UNREPRESENTABLE;UNREPRESENTABLE;false;false;false;false;false;false;false;false;false;false;false;false;true;true;true;false;UNREPRESENTABLE;UNREPRESENTABLE;UNREPRESENTABLE;UNREPRESENTABLE;UNREPRESENTABLE;UNREPRESENTABLE;UNREPRESENTABLE;UNREPRESENTABLE;UNREPRESENTABLE;UNREPRESENTABLE;UNREPRESENTABLE;UNREPRESENTABLE;UNREPRESENTABLE;UNREPRESENTABLE;UNREPRESENTABLE;UNREPRESENTABLE;false;false;false;false;false;false;false;false;false;false;false;false;false;false;true;false;UNREPRESENTABLE;UNREPRESENTABLE;UNREPRESENTABLE;UNREPRESENTABLE;UNREPRESENTABLE;UNREPRESENTABLE;UNREPRESENTABLE;UNREPRESENTABLE;UNREPRESENTABLE;UNREPRESENTABLE;UNREPRESENTABLE;UNREPRESENTABLE;UNREPRESENTABLE;UNREPRESENTABLE;UNREPRESENTABLE;UNREPRESENTABLE;UNREPRESENTABLE;UNREPRESENTABLE;UNREPRESENTABLE;UNREPRESENTABLE;UNREPRESENTABLE;UNREPRESENTABLE;UNREPRESENTABLE;UNREPRESENTABLE;UNREPRESENTABLE;UNREPRESENTABLE;UNREPRESENTABLE;UNREPRESENTABLE;UNREPRESENTABLE;UNREPRESENTABLE;UNREPRESENTABLE;UNREPRESENTABLE,112,0,144,"fractional/L1/7:-1.5,-1.0,-0.0,+0.0,1.0,1.5,2^53","fractional/L1/16:-max_finite,-1.5,-1.0,-(1.0-1ulp),-0.0,+0.0,+min_subnormal,+min_normal,1.0-1ulp,1.0,1.0+1ulp,1.5,pi,2^53,max_finite,0.1"
A5_9_9,1,fractional|fractional,Float,Float,"fractional/L1/16:-max_finite,-1.5,-1.0,-(1.0-1ulp),-0.0,+0.0,+min_subnormal,+min_normal,1.0-1ulp,1.0,1.0+1ulp,1.5,pi,2^53,max_finite,0.1","fractional/L1/16:-max_finite,-1.5,-1.0,-(1.0-1ulp),-0.0,+0.0,+min_subnormal,+min_normal,1.0-1ulp,1.0,1.0+1ulp,1.5,pi,2^53,max_finite,0.1",256,UNREPRESENTABLE;UNREPRESENTABLE;UNREPRESENTABLE;UNREPRESENTABLE;UNREPRESENTABLE;UNREPRESENTABLE;UNREPRESENTABLE;UNREPRESENTABLE;UNREPRESENTABLE;UNREPRESENTABLE;UNREPRESENTABLE;UNREPRESENTABLE;UNREPRESENTABLE;UNREPRESENTABLE;UNREPRESENTABLE;UNREPRESENTABLE;UNREPRESENTABLE;false;true;UNREPRESENTABLE;true;true;UNREPRESENTABLE;UNREPRESENTABLE;UNREPRESENTABLE;true;UNREPRESENTABLE;true;UNREPRESENTABLE;true;UNREPRESENTABLE;UNREPRESENTABLE;UNREPRESENTABLE;false;false;UNREPRESENTABLE;true;true;UNREPRESENTABLE;UNREPRESENTABLE;UNREPRESENTABLE;true;UNREPRESENTABLE;true;UNREPRESENTABLE;true;UNREPRESENTABLE;UNREPRESENTABLE;UNREPRESENTABLE;UNREPRESENTABLE;UNREPRESENTABLE;UNREPRESENTABLE;UNREPRESENTABLE;UNREPRESENTABLE;UNREPRESENTABLE;UNREPRESENTABLE;UNREPRESENTABLE;UNREPRESENTABLE;UNREPRESENTABLE;UNREPRESENTABLE;UNREPRESENTABLE;UNREPRESENTABLE;UNREPRESENTABLE;UNREPRESENTABLE;UNREPRESENTABLE;false;false;UNREPRESENTABLE;false;false;UNREPRESENTABLE;UNREPRESENTABLE;UNREPRESENTABLE;true;UNREPRESENTABLE;true;UNREPRESENTABLE;true;UNREPRESENTABLE;UNREPRESENTABLE;UNREPRESENTABLE;false;false;UNREPRESENTABLE;false;false;UNREPRESENTABLE;UNREPRESENTABLE;UNREPRESENTABLE;true;UNREPRESENTABLE;true;UNREPRESENTABLE;true;UNREPRESENTABLE;UNREPRESENTABLE;UNREPRESENTABLE;UNREPRESENTABLE;UNREPRESENTABLE;UNREPRESENTABLE;UNREPRESENTABLE;UNREPRESENTABLE;UNREPRESENTABLE;UNREPRESENTABLE;UNREPRESENTABLE;UNREPRESENTABLE;UNREPRESENTABLE;UNREPRESENTABLE;UNREPRESENTABLE;UNREPRESENTABLE;UNREPRESENTABLE;UNREPRESENTABLE;UNREPRESENTABLE;UNREPRESENTABLE;UNREPRESENTABLE;UNREPRESENTABLE;UNREPRESENTABLE;UNREPRESENTABLE;UNREPRESENTABLE;UNREPRESENTABLE;UNREPRESENTABLE;UNREPRESENTABLE;UNREPRESENTABLE;UNREPRESENTABLE;UNREPRESENTABLE;UNREPRESENTABLE;UNREPRESENTABLE;UNREPRESENTABLE;UNREPRESENTABLE;UNREPRESENTABLE;UNREPRESENTABLE;UNREPRESENTABLE;UNREPRESENTABLE;UNREPRESENTABLE;UNREPRESENTABLE;UNREPRESENTABLE;UNREPRESENTABLE;UNREPRESENTABLE;UNREPRESENTABLE;UNREPRESENTABLE;UNREPRESENTABLE;UNREPRESENTABLE;UNREPRESENTABLE;UNREPRESENTABLE;UNREPRESENTABLE;false;false;UNREPRESENTABLE;false;false;UNREPRESENTABLE;UNREPRESENTABLE;UNREPRESENTABLE;false;UNREPRESENTABLE;true;UNREPRESENTABLE;true;UNREPRESENTABLE;UNREPRESENTABLE;UNREPRESENTABLE;UNREPRESENTABLE;UNREPRESENTABLE;UNREPRESENTABLE;UNREPRESENTABLE;UNREPRESENTABLE;UNREPRESENTABLE;UNREPRESENTABLE;UNREPRESENTABLE;UNREPRESENTABLE;UNREPRESENTABLE;UNREPRESENTABLE;UNREPRESENTABLE;UNREPRESENTABLE;UNREPRESENTABLE;UNREPRESENTABLE;UNREPRESENTABLE;false;false;UNREPRESENTABLE;false;false;UNREPRESENTABLE;UNREPRESENTABLE;UNREPRESENTABLE;false;UNREPRESENTABLE;false;UNREPRESENTABLE;true;UNREPRESENTABLE;UNREPRESENTABLE;UNREPRESENTABLE;UNREPRESENTABLE;UNREPRESENTABLE;UNREPRESENTABLE;UNREPRESENTABLE;UNREPRESENTABLE;UNREPRESENTABLE;UNREPRESENTABLE;UNREPRESENTABLE;UNREPRESENTABLE;UNREPRESENTABLE;UNREPRESENTABLE;UNREPRESENTABLE;UNREPRESENTABLE;UNREPRESENTABLE;UNREPRESENTABLE;UNREPRESENTABLE;false;false;UNREPRESENTABLE;false;false;UNREPRESENTABLE;UNREPRESENTABLE;UNREPRESENTABLE;false;UNREPRESENTABLE;false;UNREPRESENTABLE;false;UNREPRESENTABLE;UNREPRESENTABLE;UNREPRESENTABLE;UNREPRESENTABLE;UNREPRESENTABLE;UNREPRESENTABLE;UNREPRESENTABLE;UNREPRESENTABLE;UNREPRESENTABLE;UNREPRESENTABLE;UNREPRESENTABLE;UNREPRESENTABLE;UNREPRESENTABLE;UNREPRESENTABLE;UNREPRESENTABLE;UNREPRESENTABLE;UNREPRESENTABLE;UNREPRESENTABLE;UNREPRESENTABLE;UNREPRESENTABLE;UNREPRESENTABLE;UNREPRESENTABLE;UNREPRESENTABLE;UNREPRESENTABLE;UNREPRESENTABLE;UNREPRESENTABLE;UNREPRESENTABLE;UNREPRESENTABLE;UNREPRESENTABLE;UNREPRESENTABLE;UNREPRESENTABLE;UNREPRESENTABLE;UNREPRESENTABLE;UNREPRESENTABLE,49,0,207,"fractional/L1/7:-1.5,-1.0,-0.0,+0.0,1.0,1.5,2^53","fractional/L1/7:-1.5,-1.0,-0.0,+0.0,1.0,1.5,2^53"
