probe_id,lhs_holder,lhs_value_class,lhs_bytes,lhs_canon,rhs_holder,rhs_value_class,rhs_bytes,rhs_canon,output_bytes,output_canon
P2_2_0_0_17,bool,false,false,false,bool,false,false,false,false,false
P2_2_0_1_17,bool,false,false,false,bool,true,true,true,true,true
P2_2_1_0_17,bool,true,true,true,bool,false,false,false,true,true
P2_2_1_1_17,bool,true,true,true,bool,true,true,true,true,true
A:|||0|0,unit,null,null,null,unit,null,null,null,,REFUSE
A:|||0|1,unit,null,null,null,Option::None,null,null,null,,REFUSE
A:|||0|2,unit,null,null,null,bool,true,true,true,,REFUSE
A:|||0|3,unit,null,null,null,i32,base_42,0000002a,"[1, 1.3125, 5]",,REFUSE
A:|||0|4,unit,null,null,null,i64,base_42,000000000000002a,"[1, 1.3125, 5]",,REFUSE
A:|||0|5,unit,null,null,null,u64,base_42,000000000000002a,"[1, 1.3125, 5]",,REFUSE
A:|||0|6,unit,null,null,null,i128,base_42,0000000000000000000000000000002a,"[1, 1.3125, 5]",,REFUSE
A:|||0|7,unit,null,null,null,f64,base_1_5,3ff8000000000000,"[1, 1.5, 0]",,REFUSE
A:|||0|8,unit,null,null,null,f32,base_1_5,3fc00000,"[1, 1.5, 0]",,REFUSE
A:|||0|9,unit,null,null,null,String,base_hello,68656c6c6f,t|68656c6c6f|5|5|5,,REFUSE
A:|||0|10,unit,null,null,null,&str,base_hello,68656c6c6f,t|68656c6c6f|5|5|5,,REFUSE
A:|||0|11,unit,null,null,null,Vec<u8>,base_hello,68656c6c6f,t|68656c6c6f|5|5|5,,REFUSE
A:|||0|12,unit,null,null,null,Vec<T>,base,"[1, 2, 3]","c|[1, 1.0, 0],[1, 1.0, 1],[1, 1.5, 1]|integer|as-sorted",,REFUSE
A:|||0|13,unit,null,null,null,[T; N],base,"[1, 2, 3]","c|[1, 1.0, 0],[1, 1.0, 1],[1, 1.5, 1]|integer|as-sorted",,REFUSE
A:|||0|14,unit,null,null,null,&[T],base,"[1, 2, 3]","c|[1, 1.0, 0],[1, 1.0, 1],[1, 1.5, 1]|integer|as-sorted",,REFUSE
A:|||0|15,unit,null,null,null,VecDeque<T>,base,"[1, 2, 3]","c|[1, 1.0, 0],[1, 1.0, 1],[1, 1.5, 1]|integer|as-sorted",,REFUSE
A:|||0|16,unit,null,null,null,tuple,base,"[1, 2, 3]","c|[1, 1.0, 0],[1, 1.0, 1],[1, 1.5, 1]|integer|as-sorted",,REFUSE
A:|||0|17,unit,null,null,null,"HashMap<String,V>",flat,"{'a': 1, 'b': 2, 'c': 3}","c|[1, 1.0, 0],[1, 1.0, 1],[1, 1.5, 1]|text|not-applicable",,REFUSE
A:|||0|18,unit,null,null,null,"BTreeMap<String,V>",flat,"{'a': 1, 'b': 2, 'c': 3}","c|[1, 1.0, 0],[1, 1.0, 1],[1, 1.5, 1]|text|not-applicable",,REFUSE
A:|||0|19,unit,null,null,null,struct,flat,"{'a': 1, 'b': 2, 'c': 3}","c|[1, 1.0, 0],[1, 1.0, 1],[1, 1.5, 1]|text|not-applicable",,REFUSE
A:|||0|20,unit,null,null,null,Vec<Vec<T>>,seq_in_seq,"[[1, 2], [3, 4]]","c|c|[1, 1.0, 0],[1, 1.0, 1]|integer|as-sorted,c|[1, 1.0, 2],[1, 1.5, 1]|integer|as-sorted|integer|as-sorted",,REFUSE
A:|||0|21,unit,null,null,null,enum Node,seq_in_seq,"[[1, 2], [3, 4]]","c|c|[1, 1.0, 0],[1, 1.0, 1]|integer|as-sorted,c|[1, 1.0, 2],[1, 1.5, 1]|integer|as-sorted|integer|as-sorted",,REFUSE
A:|||1|0,Option::None,null,null,null,unit,null,null,null,,REFUSE
A:|||1|1,Option::None,null,null,null,Option::None,null,null,null,,REFUSE
A:|||1|2,Option::None,null,null,null,bool,true,true,true,,REFUSE
A:|||1|3,Option::None,null,null,null,i32,base_42,0000002a,"[1, 1.3125, 5]",,REFUSE
A:|||1|4,Option::None,null,null,null,i64,base_42,000000000000002a,"[1, 1.3125, 5]",,REFUSE
A:|||1|5,Option::None,null,null,null,u64,base_42,000000000000002a,"[1, 1.3125, 5]",,REFUSE
A:|||1|6,Option::None,null,null,null,i128,base_42,0000000000000000000000000000002a,"[1, 1.3125, 5]",,REFUSE
A:|||1|7,Option::None,null,null,null,f64,base_1_5,3ff8000000000000,"[1, 1.5, 0]",,REFUSE
A:|||1|8,Option::None,null,null,null,f32,base_1_5,3fc00000,"[1, 1.5, 0]",,REFUSE
A:|||1|9,Option::None,null,null,null,String,base_hello,68656c6c6f,t|68656c6c6f|5|5|5,,REFUSE
A:|||1|10,Option::None,null,null,null,&str,base_hello,68656c6c6f,t|68656c6c6f|5|5|5,,REFUSE
A:|||1|11,Option::None,null,null,null,Vec<u8>,base_hello,68656c6c6f,t|68656c6c6f|5|5|5,,REFUSE
A:|||1|12,Option::None,null,null,null,Vec<T>,base,"[1, 2, 3]","c|[1, 1.0, 0],[1, 1.0, 1],[1, 1.5, 1]|integer|as-sorted",,REFUSE
A:|||1|13,Option::None,null,null,null,[T; N],base,"[1, 2, 3]","c|[1, 1.0, 0],[1, 1.0, 1],[1, 1.5, 1]|integer|as-sorted",,REFUSE
A:|||1|14,Option::None,null,null,null,&[T],base,"[1, 2, 3]","c|[1, 1.0, 0],[1, 1.0, 1],[1, 1.5, 1]|integer|as-sorted",,REFUSE
A:|||1|15,Option::None,null,null,null,VecDeque<T>,base,"[1, 2, 3]","c|[1, 1.0, 0],[1, 1.0, 1],[1, 1.5, 1]|integer|as-sorted",,REFUSE
A:|||1|16,Option::None,null,null,null,tuple,base,"[1, 2, 3]","c|[1, 1.0, 0],[1, 1.0, 1],[1, 1.5, 1]|integer|as-sorted",,REFUSE
A:|||1|17,Option::None,null,null,null,"HashMap<String,V>",flat,"{'a': 1, 'b': 2, 'c': 3}","c|[1, 1.0, 0],[1, 1.0, 1],[1, 1.5, 1]|text|not-applicable",,REFUSE
A:|||1|18,Option::None,null,null,null,"BTreeMap<String,V>",flat,"{'a': 1, 'b': 2, 'c': 3}","c|[1, 1.0, 0],[1, 1.0, 1],[1, 1.5, 1]|text|not-applicable",,REFUSE
A:|||1|19,Option::None,null,null,null,struct,flat,"{'a': 1, 'b': 2, 'c': 3}","c|[1, 1.0, 0],[1, 1.0, 1],[1, 1.5, 1]|text|not-applicable",,REFUSE
A:|||1|20,Option::None,null,null,null,Vec<Vec<T>>,seq_in_seq,"[[1, 2], [3, 4]]","c|c|[1, 1.0, 0],[1, 1.0, 1]|integer|as-sorted,c|[1, 1.0, 2],[1, 1.5, 1]|integer|as-sorted|integer|as-sorted",,REFUSE
A:|||1|21,Option::None,null,null,null,enum Node,seq_in_seq,"[[1, 2], [3, 4]]","c|c|[1, 1.0, 0],[1, 1.0, 1]|integer|as-sorted,c|[1, 1.0, 2],[1, 1.5, 1]|integer|as-sorted|integer|as-sorted",,REFUSE
A:|||2|0,bool,true,true,true,unit,null,null,null,,REFUSE
A:|||2|1,bool,true,true,true,Option::None,null,null,null,,REFUSE
A:|||2|3,bool,true,true,true,i32,base_42,0000002a,"[1, 1.3125, 5]",,REFUSE
A:|||2|4,bool,true,true,true,i64,base_42,000000000000002a,"[1, 1.3125, 5]",,REFUSE
A:|||2|5,bool,true,true,true,u64,base_42,000000000000002a,"[1, 1.3125, 5]",,REFUSE
A:|||2|6,bool,true,true,true,i128,base_42,0000000000000000000000000000002a,"[1, 1.3125, 5]",,REFUSE
A:|||2|7,bool,true,true,true,f64,base_1_5,3ff8000000000000,"[1, 1.5, 0]",,REFUSE
A:|||2|8,bool,true,true,true,f32,base_1_5,3fc00000,"[1, 1.5, 0]",,REFUSE
A:|||2|9,bool,true,true,true,String,base_hello,68656c6c6f,t|68656c6c6f|5|5|5,,REFUSE
A:|||2|10,bool,true,true,true,&str,base_hello,68656c6c6f,t|68656c6c6f|5|5|5,,REFUSE
A:|||2|11,bool,true,true,true,Vec<u8>,base_hello,68656c6c6f,t|68656c6c6f|5|5|5,,REFUSE
A:|||2|12,bool,true,true,true,Vec<T>,base,"[1, 2, 3]","c|[1, 1.0, 0],[1, 1.0, 1],[1, 1.5, 1]|integer|as-sorted",,REFUSE
A:|||2|13,bool,true,true,true,[T; N],base,"[1, 2, 3]","c|[1, 1.0, 0],[1, 1.0, 1],[1, 1.5, 1]|integer|as-sorted",,REFUSE
A:|||2|14,bool,true,true,true,&[T],base,"[1, 2, 3]","c|[1, 1.0, 0],[1, 1.0, 1],[1, 1.5, 1]|integer|as-sorted",,REFUSE
A:|||2|15,bool,true,true,true,VecDeque<T>,base,"[1, 2, 3]","c|[1, 1.0, 0],[1, 1.0, 1],[1, 1.5, 1]|integer|as-sorted",,REFUSE
A:|||2|16,bool,true,true,true,tuple,base,"[1, 2, 3]","c|[1, 1.0, 0],[1, 1.0, 1],[1, 1.5, 1]|integer|as-sorted",,REFUSE
A:|||2|17,bool,true,true,true,"HashMap<String,V>",flat,"{'a': 1, 'b': 2, 'c': 3}","c|[1, 1.0, 0],[1, 1.0, 1],[1, 1.5, 1]|text|not-applicable",,REFUSE
A:|||2|18,bool,true,true,true,"BTreeMap<String,V>",flat,"{'a': 1, 'b': 2, 'c': 3}","c|[1, 1.0, 0],[1, 1.0, 1],[1, 1.5, 1]|text|not-applicable",,REFUSE
A:|||2|19,bool,true,true,true,struct,flat,"{'a': 1, 'b': 2, 'c': 3}","c|[1, 1.0, 0],[1, 1.0, 1],[1, 1.5, 1]|text|not-applicable",,REFUSE
A:|||2|20,bool,true,true,true,Vec<Vec<T>>,seq_in_seq,"[[1, 2], [3, 4]]","c|c|[1, 1.0, 0],[1, 1.0, 1]|integer|as-sorted,c|[1, 1.0, 2],[1, 1.5, 1]|integer|as-sorted|integer|as-sorted",,REFUSE
A:|||2|21,bool,true,true,true,enum Node,seq_in_seq,"[[1, 2], [3, 4]]","c|c|[1, 1.0, 0],[1, 1.0, 1]|integer|as-sorted,c|[1, 1.0, 2],[1, 1.5, 1]|integer|as-sorted|integer|as-sorted",,REFUSE
A:|||3|0,i32,base_42,0000002a,"[1, 1.3125, 5]",unit,null,null,null,,REFUSE
A:|||3|1,i32,base_42,0000002a,"[1, 1.3125, 5]",Option::None,null,null,null,,REFUSE
A:|||3|2,i32,base_42,0000002a,"[1, 1.3125, 5]",bool,true,true,true,,REFUSE
A:|||3|3,i32,base_42,0000002a,"[1, 1.3125, 5]",i32,base_42,0000002a,"[1, 1.3125, 5]",,REFUSE
A:|||3|4,i32,base_42,0000002a,"[1, 1.3125, 5]",i64,base_42,000000000000002a,"[1, 1.3125, 5]",,REFUSE
A:|||3|5,i32,base_42,0000002a,"[1, 1.3125, 5]",u64,base_42,000000000000002a,"[1, 1.3125, 5]",,REFUSE
A:|||3|6,i32,base_42,0000002a,"[1, 1.3125, 5]",i128,base_42,0000000000000000000000000000002a,"[1, 1.3125, 5]",,REFUSE
A:|||3|7,i32,base_42,0000002a,"[1, 1.3125, 5]",f64,base_1_5,3ff8000000000000,"[1, 1.5, 0]",,REFUSE
A:|||3|8,i32,base_42,0000002a,"[1, 1.3125, 5]",f32,base_1_5,3fc00000,"[1, 1.5, 0]",,REFUSE
A:|||3|9,i32,base_42,0000002a,"[1, 1.3125, 5]",String,base_hello,68656c6c6f,t|68656c6c6f|5|5|5,,REFUSE
A:|||3|10,i32,base_42,0000002a,"[1, 1.3125, 5]",&str,base_hello,68656c6c6f,t|68656c6c6f|5|5|5,,REFUSE
A:|||3|11,i32,base_42,0000002a,"[1, 1.3125, 5]",Vec<u8>,base_hello,68656c6c6f,t|68656c6c6f|5|5|5,,REFUSE
A:|||3|12,i32,base_42,0000002a,"[1, 1.3125, 5]",Vec<T>,base,"[1, 2, 3]","c|[1, 1.0, 0],[1, 1.0, 1],[1, 1.5, 1]|integer|as-sorted",,REFUSE
A:|||3|13,i32,base_42,0000002a,"[1, 1.3125, 5]",[T; N],base,"[1, 2, 3]","c|[1, 1.0, 0],[1, 1.0, 1],[1, 1.5, 1]|integer|as-sorted",,REFUSE
A:|||3|14,i32,base_42,0000002a,"[1, 1.3125, 5]",&[T],base,"[1, 2, 3]","c|[1, 1.0, 0],[1, 1.0, 1],[1, 1.5, 1]|integer|as-sorted",,REFUSE
A:|||3|15,i32,base_42,0000002a,"[1, 1.3125, 5]",VecDeque<T>,base,"[1, 2, 3]","c|[1, 1.0, 0],[1, 1.0, 1],[1, 1.5, 1]|integer|as-sorted",,REFUSE
A:|||3|16,i32,base_42,0000002a,"[1, 1.3125, 5]",tuple,base,"[1, 2, 3]","c|[1, 1.0, 0],[1, 1.0, 1],[1, 1.5, 1]|integer|as-sorted",,REFUSE
A:|||3|17,i32,base_42,0000002a,"[1, 1.3125, 5]","HashMap<String,V>",flat,"{'a': 1, 'b': 2, 'c': 3}","c|[1, 1.0, 0],[1, 1.0, 1],[1, 1.5, 1]|text|not-applicable",,REFUSE
A:|||3|18,i32,base_42,0000002a,"[1, 1.3125, 5]","BTreeMap<String,V>",flat,"{'a': 1, 'b': 2, 'c': 3}","c|[1, 1.0, 0],[1, 1.0, 1],[1, 1.5, 1]|text|not-applicable",,REFUSE
A:|||3|19,i32,base_42,0000002a,"[1, 1.3125, 5]",struct,flat,"{'a': 1, 'b': 2, 'c': 3}","c|[1, 1.0, 0],[1, 1.0, 1],[1, 1.5, 1]|text|not-applicable",,REFUSE
A:|||3|20,i32,base_42,0000002a,"[1, 1.3125, 5]",Vec<Vec<T>>,seq_in_seq,"[[1, 2], [3, 4]]","c|c|[1, 1.0, 0],[1, 1.0, 1]|integer|as-sorted,c|[1, 1.0, 2],[1, 1.5, 1]|integer|as-sorted|integer|as-sorted",,REFUSE
A:|||3|21,i32,base_42,0000002a,"[1, 1.3125, 5]",enum Node,seq_in_seq,"[[1, 2], [3, 4]]","c|c|[1, 1.0, 0],[1, 1.0, 1]|integer|as-sorted,c|[1, 1.0, 2],[1, 1.5, 1]|integer|as-sorted|integer|as-sorted",,REFUSE
A:|||4|0,i64,base_42,000000000000002a,"[1, 1.3125, 5]",unit,null,null,null,,REFUSE
A:|||4|1,i64,base_42,000000000000002a,"[1, 1.3125, 5]",Option::None,null,null,null,,REFUSE
A:|||4|2,i64,base_42,000000000000002a,"[1, 1.3125, 5]",bool,true,true,true,,REFUSE
A:|||4|3,i64,base_42,000000000000002a,"[1, 1.3125, 5]",i32,base_42,0000002a,"[1, 1.3125, 5]",,REFUSE
A:|||4|4,i64,base_42,000000000000002a,"[1, 1.3125, 5]",i64,base_42,000000000000002a,"[1, 1.3125, 5]",,REFUSE
A:|||4|5,i64,base_42,000000000000002a,"[1, 1.3125, 5]",u64,base_42,000000000000002a,"[1, 1.3125, 5]",,REFUSE
A:|||4|6,i64,base_42,000000000000002a,"[1, 1.3125, 5]",i128,base_42,0000000000000000000000000000002a,"[1, 1.3125, 5]",,REFUSE
A:|||4|7,i64,base_42,000000000000002a,"[1, 1.3125, 5]",f64,base_1_5,3ff8000000000000,"[1, 1.5, 0]",,REFUSE
A:|||4|8,i64,base_42,000000000000002a,"[1, 1.3125, 5]",f32,base_1_5,3fc00000,"[1, 1.5, 0]",,REFUSE
A:|||4|9,i64,base_42,000000000000002a,"[1, 1.3125, 5]",String,base_hello,68656c6c6f,t|68656c6c6f|5|5|5,,REFUSE
A:|||4|10,i64,base_42,000000000000002a,"[1, 1.3125, 5]",&str,base_hello,68656c6c6f,t|68656c6c6f|5|5|5,,REFUSE
A:|||4|11,i64,base_42,000000000000002a,"[1, 1.3125, 5]",Vec<u8>,base_hello,68656c6c6f,t|68656c6c6f|5|5|5,,REFUSE
A:|||4|12,i64,base_42,000000000000002a,"[1, 1.3125, 5]",Vec<T>,base,"[1, 2, 3]","c|[1, 1.0, 0],[1, 1.0, 1],[1, 1.5, 1]|integer|as-sorted",,REFUSE
A:|||4|13,i64,base_42,000000000000002a,"[1, 1.3125, 5]",[T; N],base,"[1, 2, 3]","c|[1, 1.0, 0],[1, 1.0, 1],[1, 1.5, 1]|integer|as-sorted",,REFUSE
A:|||4|14,i64,base_42,000000000000002a,"[1, 1.3125, 5]",&[T],base,"[1, 2, 3]","c|[1, 1.0, 0],[1, 1.0, 1],[1, 1.5, 1]|integer|as-sorted",,REFUSE
A:|||4|15,i64,base_42,000000000000002a,"[1, 1.3125, 5]",VecDeque<T>,base,"[1, 2, 3]","c|[1, 1.0, 0],[1, 1.0, 1],[1, 1.5, 1]|integer|as-sorted",,REFUSE
A:|||4|16,i64,base_42,000000000000002a,"[1, 1.3125, 5]",tuple,base,"[1, 2, 3]","c|[1, 1.0, 0],[1, 1.0, 1],[1, 1.5, 1]|integer|as-sorted",,REFUSE
A:|||4|17,i64,base_42,000000000000002a,"[1, 1.3125, 5]","HashMap<String,V>",flat,"{'a': 1, 'b': 2, 'c': 3}","c|[1, 1.0, 0],[1, 1.0, 1],[1, 1.5, 1]|text|not-applicable",,REFUSE
A:|||4|18,i64,base_42,000000000000002a,"[1, 1.3125, 5]","BTreeMap<String,V>",flat,"{'a': 1, 'b': 2, 'c': 3}","c|[1, 1.0, 0],[1, 1.0, 1],[1, 1.5, 1]|text|not-applicable",,REFUSE
A:|||4|19,i64,base_42,000000000000002a,"[1, 1.3125, 5]",struct,flat,"{'a': 1, 'b': 2, 'c': 3}","c|[1, 1.0, 0],[1, 1.0, 1],[1, 1.5, 1]|text|not-applicable",,REFUSE
A:|||4|20,i64,base_42,000000000000002a,"[1, 1.3125, 5]",Vec<Vec<T>>,seq_in_seq,"[[1, 2], [3, 4]]","c|c|[1, 1.0, 0],[1, 1.0, 1]|integer|as-sorted,c|[1, 1.0, 2],[1, 1.5, 1]|integer|as-sorted|integer|as-sorted",,REFUSE
A:|||4|21,i64,base_42,000000000000002a,"[1, 1.3125, 5]",enum Node,seq_in_seq,"[[1, 2], [3, 4]]","c|c|[1, 1.0, 0],[1, 1.0, 1]|integer|as-sorted,c|[1, 1.0, 2],[1, 1.5, 1]|integer|as-sorted|integer|as-sorted",,REFUSE
A:|||5|0,u64,base_42,000000000000002a,"[1, 1.3125, 5]",unit,null,null,null,,REFUSE
A:|||5|1,u64,base_42,000000000000002a,"[1, 1.3125, 5]",Option::None,null,null,null,,REFUSE
A:|||5|2,u64,base_42,000000000000002a,"[1, 1.3125, 5]",bool,true,true,true,,REFUSE
A:|||5|3,u64,base_42,000000000000002a,"[1, 1.3125, 5]",i32,base_42,0000002a,"[1, 1.3125, 5]",,REFUSE
A:|||5|4,u64,base_42,000000000000002a,"[1, 1.3125, 5]",i64,base_42,000000000000002a,"[1, 1.3125, 5]",,REFUSE
A:|||5|5,u64,base_42,000000000000002a,"[1, 1.3125, 5]",u64,base_42,000000000000002a,"[1, 1.3125, 5]",,REFUSE
A:|||5|6,u64,base_42,000000000000002a,"[1, 1.3125, 5]",i128,base_42,0000000000000000000000000000002a,"[1, 1.3125, 5]",,REFUSE
A:|||5|7,u64,base_42,000000000000002a,"[1, 1.3125, 5]",f64,base_1_5,3ff8000000000000,"[1, 1.5, 0]",,REFUSE
A:|||5|8,u64,base_42,000000000000002a,"[1, 1.3125, 5]",f32,base_1_5,3fc00000,"[1, 1.5, 0]",,REFUSE
A:|||5|9,u64,base_42,000000000000002a,"[1, 1.3125, 5]",String,base_hello,68656c6c6f,t|68656c6c6f|5|5|5,,REFUSE
A:|||5|10,u64,base_42,000000000000002a,"[1, 1.3125, 5]",&str,base_hello,68656c6c6f,t|68656c6c6f|5|5|5,,REFUSE
A:|||5|11,u64,base_42,000000000000002a,"[1, 1.3125, 5]",Vec<u8>,base_hello,68656c6c6f,t|68656c6c6f|5|5|5,,REFUSE
A:|||5|12,u64,base_42,000000000000002a,"[1, 1.3125, 5]",Vec<T>,base,"[1, 2, 3]","c|[1, 1.0, 0],[1, 1.0, 1],[1, 1.5, 1]|integer|as-sorted",,REFUSE
A:|||5|13,u64,base_42,000000000000002a,"[1, 1.3125, 5]",[T; N],base,"[1, 2, 3]","c|[1, 1.0, 0],[1, 1.0, 1],[1, 1.5, 1]|integer|as-sorted",,REFUSE
A:|||5|14,u64,base_42,000000000000002a,"[1, 1.3125, 5]",&[T],base,"[1, 2, 3]","c|[1, 1.0, 0],[1, 1.0, 1],[1, 1.5, 1]|integer|as-sorted",,REFUSE
A:|||5|15,u64,base_42,000000000000002a,"[1, 1.3125, 5]",VecDeque<T>,base,"[1, 2, 3]","c|[1, 1.0, 0],[1, 1.0, 1],[1, 1.5, 1]|integer|as-sorted",,REFUSE
A:|||5|16,u64,base_42,000000000000002a,"[1, 1.3125, 5]",tuple,base,"[1, 2, 3]","c|[1, 1.0, 0],[1, 1.0, 1],[1, 1.5, 1]|integer|as-sorted",,REFUSE
A:|||5|17,u64,base_42,000000000000002a,"[1, 1.3125, 5]","HashMap<String,V>",flat,"{'a': 1, 'b': 2, 'c': 3}","c|[1, 1.0, 0],[1, 1.0, 1],[1, 1.5, 1]|text|not-applicable",,REFUSE
A:|||5|18,u64,base_42,000000000000002a,"[1, 1.3125, 5]","BTreeMap<String,V>",flat,"{'a': 1, 'b': 2, 'c': 3}","c|[1, 1.0, 0],[1, 1.0, 1],[1, 1.5, 1]|text|not-applicable",,REFUSE
A:|||5|19,u64,base_42,000000000000002a,"[1, 1.3125, 5]",struct,flat,"{'a': 1, 'b': 2, 'c': 3}","c|[1, 1.0, 0],[1, 1.0, 1],[1, 1.5, 1]|text|not-applicable",,REFUSE
A:|||5|20,u64,base_42,000000000000002a,"[1, 1.3125, 5]",Vec<Vec<T>>,seq_in_seq,"[[1, 2], [3, 4]]","c|c|[1, 1.0, 0],[1, 1.0, 1]|integer|as-sorted,c|[1, 1.0, 2],[1, 1.5, 1]|integer|as-sorted|integer|as-sorted",,REFUSE
A:|||5|21,u64,base_42,000000000000002a,"[1, 1.3125, 5]",enum Node,seq_in_seq,"[[1, 2], [3, 4]]","c|c|[1, 1.0, 0],[1, 1.0, 1]|integer|as-sorted,c|[1, 1.0, 2],[1, 1.5, 1]|integer|as-sorted|integer|as-sorted",,REFUSE
A:|||6|0,i128,base_42,0000000000000000000000000000002a,"[1, 1.3125, 5]",unit,null,null,null,,REFUSE
A:|||6|1,i128,base_42,0000000000000000000000000000002a,"[1, 1.3125, 5]",Option::None,null,null,null,,REFUSE
A:|||6|2,i128,base_42,0000000000000000000000000000002a,"[1, 1.3125, 5]",bool,true,true,true,,REFUSE
A:|||6|3,i128,base_42,0000000000000000000000000000002a,"[1, 1.3125, 5]",i32,base_42,0000002a,"[1, 1.3125, 5]",,REFUSE
A:|||6|4,i128,base_42,0000000000000000000000000000002a,"[1, 1.3125, 5]",i64,base_42,000000000000002a,"[1, 1.3125, 5]",,REFUSE
A:|||6|5,i128,base_42,0000000000000000000000000000002a,"[1, 1.3125, 5]",u64,base_42,000000000000002a,"[1, 1.3125, 5]",,REFUSE
A:|||6|6,i128,base_42,0000000000000000000000000000002a,"[1, 1.3125, 5]",i128,base_42,0000000000000000000000000000002a,"[1, 1.3125, 5]",,REFUSE
A:|||6|7,i128,base_42,0000000000000000000000000000002a,"[1, 1.3125, 5]",f64,base_1_5,3ff8000000000000,"[1, 1.5, 0]",,REFUSE
A:|||6|8,i128,base_42,0000000000000000000000000000002a,"[1, 1.3125, 5]",f32,base_1_5,3fc00000,"[1, 1.5, 0]",,REFUSE
A:|||6|9,i128,base_42,0000000000000000000000000000002a,"[1, 1.3125, 5]",String,base_hello,68656c6c6f,t|68656c6c6f|5|5|5,,REFUSE
A:|||6|10,i128,base_42,0000000000000000000000000000002a,"[1, 1.3125, 5]",&str,base_hello,68656c6c6f,t|68656c6c6f|5|5|5,,REFUSE
A:|||6|11,i128,base_42,0000000000000000000000000000002a,"[1, 1.3125, 5]",Vec<u8>,base_hello,68656c6c6f,t|68656c6c6f|5|5|5,,REFUSE
A:|||6|12,i128,base_42,0000000000000000000000000000002a,"[1, 1.3125, 5]",Vec<T>,base,"[1, 2, 3]","c|[1, 1.0, 0],[1, 1.0, 1],[1, 1.5, 1]|integer|as-sorted",,REFUSE
A:|||6|13,i128,base_42,0000000000000000000000000000002a,"[1, 1.3125, 5]",[T; N],base,"[1, 2, 3]","c|[1, 1.0, 0],[1, 1.0, 1],[1, 1.5, 1]|integer|as-sorted",,REFUSE
A:|||6|14,i128,base_42,0000000000000000000000000000002a,"[1, 1.3125, 5]",&[T],base,"[1, 2, 3]","c|[1, 1.0, 0],[1, 1.0, 1],[1, 1.5, 1]|integer|as-sorted",,REFUSE
A:|||6|15,i128,base_42,0000000000000000000000000000002a,"[1, 1.3125, 5]",VecDeque<T>,base,"[1, 2, 3]","c|[1, 1.0, 0],[1, 1.0, 1],[1, 1.5, 1]|integer|as-sorted",,REFUSE
A:|||6|16,i128,base_42,0000000000000000000000000000002a,"[1, 1.3125, 5]",tuple,base,"[1, 2, 3]","c|[1, 1.0, 0],[1, 1.0, 1],[1, 1.5, 1]|integer|as-sorted",,REFUSE
A:|||6|17,i128,base_42,0000000000000000000000000000002a,"[1, 1.3125, 5]","HashMap<String,V>",flat,"{'a': 1, 'b': 2, 'c': 3}","c|[1, 1.0, 0],[1, 1.0, 1],[1, 1.5, 1]|text|not-applicable",,REFUSE
A:|||6|18,i128,base_42,0000000000000000000000000000002a,"[1, 1.3125, 5]","BTreeMap<String,V>",flat,"{'a': 1, 'b': 2, 'c': 3}","c|[1, 1.0, 0],[1, 1.0, 1],[1, 1.5, 1]|text|not-applicable",,REFUSE
A:|||6|19,i128,base_42,0000000000000000000000000000002a,"[1, 1.3125, 5]",struct,flat,"{'a': 1, 'b': 2, 'c': 3}","c|[1, 1.0, 0],[1, 1.0, 1],[1, 1.5, 1]|text|not-applicable",,REFUSE
A:|||6|20,i128,base_42,0000000000000000000000000000002a,"[1, 1.3125, 5]",Vec<Vec<T>>,seq_in_seq,"[[1, 2], [3, 4]]","c|c|[1, 1.0, 0],[1, 1.0, 1]|integer|as-sorted,c|[1, 1.0, 2],[1, 1.5, 1]|integer|as-sorted|integer|as-sorted",,REFUSE
A:|||6|21,i128,base_42,0000000000000000000000000000002a,"[1, 1.3125, 5]",enum Node,seq_in_seq,"[[1, 2], [3, 4]]","c|c|[1, 1.0, 0],[1, 1.0, 1]|integer|as-sorted,c|[1, 1.0, 2],[1, 1.5, 1]|integer|as-sorted|integer|as-sorted",,REFUSE
A:|||7|0,f64,base_1_5,3ff8000000000000,"[1, 1.5, 0]",unit,null,null,null,,REFUSE
A:|||7|1,f64,base_1_5,3ff8000000000000,"[1, 1.5, 0]",Option::None,null,null,null,,REFUSE
A:|||7|2,f64,base_1_5,3ff8000000000000,"[1, 1.5, 0]",bool,true,true,true,,REFUSE
A:|||7|3,f64,base_1_5,3ff8000000000000,"[1, 1.5, 0]",i32,base_42,0000002a,"[1, 1.3125, 5]",,REFUSE
A:|||7|4,f64,base_1_5,3ff8000000000000,"[1, 1.5, 0]",i64,base_42,000000000000002a,"[1, 1.3125, 5]",,REFUSE
A:|||7|5,f64,base_1_5,3ff8000000000000,"[1, 1.5, 0]",u64,base_42,000000000000002a,"[1, 1.3125, 5]",,REFUSE
A:|||7|6,f64,base_1_5,3ff8000000000000,"[1, 1.5, 0]",i128,base_42,0000000000000000000000000000002a,"[1, 1.3125, 5]",,REFUSE
A:|||7|7,f64,base_1_5,3ff8000000000000,"[1, 1.5, 0]",f64,base_1_5,3ff8000000000000,"[1, 1.5, 0]",,REFUSE
A:|||7|8,f64,base_1_5,3ff8000000000000,"[1, 1.5, 0]",f32,base_1_5,3fc00000,"[1, 1.5, 0]",,REFUSE
A:|||7|9,f64,base_1_5,3ff8000000000000,"[1, 1.5, 0]",String,base_hello,68656c6c6f,t|68656c6c6f|5|5|5,,REFUSE
A:|||7|10,f64,base_1_5,3ff8000000000000,"[1, 1.5, 0]",&str,base_hello,68656c6c6f,t|68656c6c6f|5|5|5,,REFUSE
A:|||7|11,f64,base_1_5,3ff8000000000000,"[1, 1.5, 0]",Vec<u8>,base_hello,68656c6c6f,t|68656c6c6f|5|5|5,,REFUSE
A:|||7|12,f64,base_1_5,3ff8000000000000,"[1, 1.5, 0]",Vec<T>,base,"[1, 2, 3]","c|[1, 1.0, 0],[1, 1.0, 1],[1, 1.5, 1]|integer|as-sorted",,REFUSE
A:|||7|13,f64,base_1_5,3ff8000000000000,"[1, 1.5, 0]",[T; N],base,"[1, 2, 3]","c|[1, 1.0, 0],[1, 1.0, 1],[1, 1.5, 1]|integer|as-sorted",,REFUSE
A:|||7|14,f64,base_1_5,3ff8000000000000,"[1, 1.5, 0]",&[T],base,"[1, 2, 3]","c|[1, 1.0, 0],[1, 1.0, 1],[1, 1.5, 1]|integer|as-sorted",,REFUSE
A:|||7|15,f64,base_1_5,3ff8000000000000,"[1, 1.5, 0]",VecDeque<T>,base,"[1, 2, 3]","c|[1, 1.0, 0],[1, 1.0, 1],[1, 1.5, 1]|integer|as-sorted",,REFUSE
A:|||7|16,f64,base_1_5,3ff8000000000000,"[1, 1.5, 0]",tuple,base,"[1, 2, 3]","c|[1, 1.0, 0],[1, 1.0, 1],[1, 1.5, 1]|integer|as-sorted",,REFUSE
A:|||7|17,f64,base_1_5,3ff8000000000000,"[1, 1.5, 0]","HashMap<String,V>",flat,"{'a': 1, 'b': 2, 'c': 3}","c|[1, 1.0, 0],[1, 1.0, 1],[1, 1.5, 1]|text|not-applicable",,REFUSE
A:|||7|18,f64,base_1_5,3ff8000000000000,"[1, 1.5, 0]","BTreeMap<String,V>",flat,"{'a': 1, 'b': 2, 'c': 3}","c|[1, 1.0, 0],[1, 1.0, 1],[1, 1.5, 1]|text|not-applicable",,REFUSE
A:|||7|19,f64,base_1_5,3ff8000000000000,"[1, 1.5, 0]",struct,flat,"{'a': 1, 'b': 2, 'c': 3}","c|[1, 1.0, 0],[1, 1.0, 1],[1, 1.5, 1]|text|not-applicable",,REFUSE
A:|||7|20,f64,base_1_5,3ff8000000000000,"[1, 1.5, 0]",Vec<Vec<T>>,seq_in_seq,"[[1, 2], [3, 4]]","c|c|[1, 1.0, 0],[1, 1.0, 1]|integer|as-sorted,c|[1, 1.0, 2],[1, 1.5, 1]|integer|as-sorted|integer|as-sorted",,REFUSE
A:|||7|21,f64,base_1_5,3ff8000000000000,"[1, 1.5, 0]",enum Node,seq_in_seq,"[[1, 2], [3, 4]]","c|c|[1, 1.0, 0],[1, 1.0, 1]|integer|as-sorted,c|[1, 1.0, 2],[1, 1.5, 1]|integer|as-sorted|integer|as-sorted",,REFUSE
A:|||8|0,f32,base_1_5,3fc00000,"[1, 1.5, 0]",unit,null,null,null,,REFUSE
A:|||8|1,f32,base_1_5,3fc00000,"[1, 1.5, 0]",Option::None,null,null,null,,REFUSE
A:|||8|2,f32,base_1_5,3fc00000,"[1, 1.5, 0]",bool,true,true,true,,REFUSE
A:|||8|3,f32,base_1_5,3fc00000,"[1, 1.5, 0]",i32,base_42,0000002a,"[1, 1.3125, 5]",,REFUSE
A:|||8|4,f32,base_1_5,3fc00000,"[1, 1.5, 0]",i64,base_42,000000000000002a,"[1, 1.3125, 5]",,REFUSE
A:|||8|5,f32,base_1_5,3fc00000,"[1, 1.5, 0]",u64,base_42,000000000000002a,"[1, 1.3125, 5]",,REFUSE
A:|||8|6,f32,base_1_5,3fc00000,"[1, 1.5, 0]",i128,base_42,0000000000000000000000000000002a,"[1, 1.3125, 5]",,REFUSE
A:|||8|7,f32,base_1_5,3fc00000,"[1, 1.5, 0]",f64,base_1_5,3ff8000000000000,"[1, 1.5, 0]",,REFUSE
A:|||8|8,f32,base_1_5,3fc00000,"[1, 1.5, 0]",f32,base_1_5,3fc00000,"[1, 1.5, 0]",,REFUSE
A:|||8|9,f32,base_1_5,3fc00000,"[1, 1.5, 0]",String,base_hello,68656c6c6f,t|68656c6c6f|5|5|5,,REFUSE
A:|||8|10,f32,base_1_5,3fc00000,"[1, 1.5, 0]",&str,base_hello,68656c6c6f,t|68656c6c6f|5|5|5,,REFUSE
A:|||8|11,f32,base_1_5,3fc00000,"[1, 1.5, 0]",Vec<u8>,base_hello,68656c6c6f,t|68656c6c6f|5|5|5,,REFUSE
A:|||8|12,f32,base_1_5,3fc00000,"[1, 1.5, 0]",Vec<T>,base,"[1, 2, 3]","c|[1, 1.0, 0],[1, 1.0, 1],[1, 1.5, 1]|integer|as-sorted",,REFUSE
A:|||8|13,f32,base_1_5,3fc00000,"[1, 1.5, 0]",[T; N],base,"[1, 2, 3]","c|[1, 1.0, 0],[1, 1.0, 1],[1, 1.5, 1]|integer|as-sorted",,REFUSE
A:|||8|14,f32,base_1_5,3fc00000,"[1, 1.5, 0]",&[T],base,"[1, 2, 3]","c|[1, 1.0, 0],[1, 1.0, 1],[1, 1.5, 1]|integer|as-sorted",,REFUSE
A:|||8|15,f32,base_1_5,3fc00000,"[1, 1.5, 0]",VecDeque<T>,base,"[1, 2, 3]","c|[1, 1.0, 0],[1, 1.0, 1],[1, 1.5, 1]|integer|as-sorted",,REFUSE
A:|||8|16,f32,base_1_5,3fc00000,"[1, 1.5, 0]",tuple,base,"[1, 2, 3]","c|[1, 1.0, 0],[1, 1.0, 1],[1, 1.5, 1]|integer|as-sorted",,REFUSE
A:|||8|17,f32,base_1_5,3fc00000,"[1, 1.5, 0]","HashMap<String,V>",flat,"{'a': 1, 'b': 2, 'c': 3}","c|[1, 1.0, 0],[1, 1.0, 1],[1, 1.5, 1]|text|not-applicable",,REFUSE
A:|||8|18,f32,base_1_5,3fc00000,"[1, 1.5, 0]","BTreeMap<String,V>",flat,"{'a': 1, 'b': 2, 'c': 3}","c|[1, 1.0, 0],[1, 1.0, 1],[1, 1.5, 1]|text|not-applicable",,REFUSE
A:|||8|19,f32,base_1_5,3fc00000,"[1, 1.5, 0]",struct,flat,"{'a': 1, 'b': 2, 'c': 3}","c|[1, 1.0, 0],[1, 1.0, 1],[1, 1.5, 1]|text|not-applicable",,REFUSE
A:|||8|20,f32,base_1_5,3fc00000,"[1, 1.5, 0]",Vec<Vec<T>>,seq_in_seq,"[[1, 2], [3, 4]]","c|c|[1, 1.0, 0],[1, 1.0, 1]|integer|as-sorted,c|[1, 1.0, 2],[1, 1.5, 1]|integer|as-sorted|integer|as-sorted",,REFUSE
A:|||8|21,f32,base_1_5,3fc00000,"[1, 1.5, 0]",enum Node,seq_in_seq,"[[1, 2], [3, 4]]","c|c|[1, 1.0, 0],[1, 1.0, 1]|integer|as-sorted,c|[1, 1.0, 2],[1, 1.5, 1]|integer|as-sorted|integer|as-sorted",,REFUSE
A:|||9|0,String,base_hello,68656c6c6f,t|68656c6c6f|5|5|5,unit,null,null,null,,REFUSE
A:|||9|1,String,base_hello,68656c6c6f,t|68656c6c6f|5|5|5,Option::None,null,null,null,,REFUSE
A:|||9|2,String,base_hello,68656c6c6f,t|68656c6c6f|5|5|5,bool,true,true,true,,REFUSE
A:|||9|3,String,base_hello,68656c6c6f,t|68656c6c6f|5|5|5,i32,base_42,0000002a,"[1, 1.3125, 5]",,REFUSE
A:|||9|4,String,base_hello,68656c6c6f,t|68656c6c6f|5|5|5,i64,base_42,000000000000002a,"[1, 1.3125, 5]",,REFUSE
A:|||9|5,String,base_hello,68656c6c6f,t|68656c6c6f|5|5|5,u64,base_42,000000000000002a,"[1, 1.3125, 5]",,REFUSE
A:|||9|6,String,base_hello,68656c6c6f,t|68656c6c6f|5|5|5,i128,base_42,0000000000000000000000000000002a,"[1, 1.3125, 5]",,REFUSE
A:|||9|7,String,base_hello,68656c6c6f,t|68656c6c6f|5|5|5,f64,base_1_5,3ff8000000000000,"[1, 1.5, 0]",,REFUSE
A:|||9|8,String,base_hello,68656c6c6f,t|68656c6c6f|5|5|5,f32,base_1_5,3fc00000,"[1, 1.5, 0]",,REFUSE
A:|||9|9,String,base_hello,68656c6c6f,t|68656c6c6f|5|5|5,String,base_hello,68656c6c6f,t|68656c6c6f|5|5|5,,REFUSE
A:|||9|10,String,base_hello,68656c6c6f,t|68656c6c6f|5|5|5,&str,base_hello,68656c6c6f,t|68656c6c6f|5|5|5,,REFUSE
A:|||9|11,String,base_hello,68656c6c6f,t|68656c6c6f|5|5|5,Vec<u8>,base_hello,68656c6c6f,t|68656c6c6f|5|5|5,,REFUSE
A:|||9|12,String,base_hello,68656c6c6f,t|68656c6c6f|5|5|5,Vec<T>,base,"[1, 2, 3]","c|[1, 1.0, 0],[1, 1.0, 1],[1, 1.5, 1]|integer|as-sorted",,REFUSE
A:|||9|13,String,base_hello,68656c6c6f,t|68656c6c6f|5|5|5,[T; N],base,"[1, 2, 3]","c|[1, 1.0, 0],[1, 1.0, 1],[1, 1.5, 1]|integer|as-sorted",,REFUSE
A:|||9|14,String,base_hello,68656c6c6f,t|68656c6c6f|5|5|5,&[T],base,"[1, 2, 3]","c|[1, 1.0, 0],[1, 1.0, 1],[1, 1.5, 1]|integer|as-sorted",,REFUSE
A:|||9|15,String,base_hello,68656c6c6f,t|68656c6c6f|5|5|5,VecDeque<T>,base,"[1, 2, 3]","c|[1, 1.0, 0],[1, 1.0, 1],[1, 1.5, 1]|integer|as-sorted",,REFUSE
A:|||9|16,String,base_hello,68656c6c6f,t|68656c6c6f|5|5|5,tuple,base,"[1, 2, 3]","c|[1, 1.0, 0],[1, 1.0, 1],[1, 1.5, 1]|integer|as-sorted",,REFUSE
A:|||9|17,String,base_hello,68656c6c6f,t|68656c6c6f|5|5|5,"HashMap<String,V>",flat,"{'a': 1, 'b': 2, 'c': 3}","c|[1, 1.0, 0],[1, 1.0, 1],[1, 1.5, 1]|text|not-applicable",,REFUSE
A:|||9|18,String,base_hello,68656c6c6f,t|68656c6c6f|5|5|5,"BTreeMap<String,V>",flat,"{'a': 1, 'b': 2, 'c': 3}","c|[1, 1.0, 0],[1, 1.0, 1],[1, 1.5, 1]|text|not-applicable",,REFUSE
A:|||9|19,String,base_hello,68656c6c6f,t|68656c6c6f|5|5|5,struct,flat,"{'a': 1, 'b': 2, 'c': 3}","c|[1, 1.0, 0],[1, 1.0, 1],[1, 1.5, 1]|text|not-applicable",,REFUSE
A:|||9|20,String,base_hello,68656c6c6f,t|68656c6c6f|5|5|5,Vec<Vec<T>>,seq_in_seq,"[[1, 2], [3, 4]]","c|c|[1, 1.0, 0],[1, 1.0, 1]|integer|as-sorted,c|[1, 1.0, 2],[1, 1.5, 1]|integer|as-sorted|integer|as-sorted",,REFUSE
A:|||9|21,String,base_hello,68656c6c6f,t|68656c6c6f|5|5|5,enum Node,seq_in_seq,"[[1, 2], [3, 4]]","c|c|[1, 1.0, 0],[1, 1.0, 1]|integer|as-sorted,c|[1, 1.0, 2],[1, 1.5, 1]|integer|as-sorted|integer|as-sorted",,REFUSE
A:|||10|0,&str,base_hello,68656c6c6f,t|68656c6c6f|5|5|5,unit,null,null,null,,REFUSE
A:|||10|1,&str,base_hello,68656c6c6f,t|68656c6c6f|5|5|5,Option::None,null,null,null,,REFUSE
A:|||10|2,&str,base_hello,68656c6c6f,t|68656c6c6f|5|5|5,bool,true,true,true,,REFUSE
A:|||10|3,&str,base_hello,68656c6c6f,t|68656c6c6f|5|5|5,i32,base_42,0000002a,"[1, 1.3125, 5]",,REFUSE
A:|||10|4,&str,base_hello,68656c6c6f,t|68656c6c6f|5|5|5,i64,base_42,000000000000002a,"[1, 1.3125, 5]",,REFUSE
A:|||10|5,&str,base_hello,68656c6c6f,t|68656c6c6f|5|5|5,u64,base_42,000000000000002a,"[1, 1.3125, 5]",,REFUSE
A:|||10|6,&str,base_hello,68656c6c6f,t|68656c6c6f|5|5|5,i128,base_42,0000000000000000000000000000002a,"[1, 1.3125, 5]",,REFUSE
A:|||10|7,&str,base_hello,68656c6c6f,t|68656c6c6f|5|5|5,f64,base_1_5,3ff8000000000000,"[1, 1.5, 0]",,REFUSE
A:|||10|8,&str,base_hello,68656c6c6f,t|68656c6c6f|5|5|5,f32,base_1_5,3fc00000,"[1, 1.5, 0]",,REFUSE
A:|||10|9,&str,base_hello,68656c6c6f,t|68656c6c6f|5|5|5,String,base_hello,68656c6c6f,t|68656c6c6f|5|5|5,,REFUSE
A:|||10|10,&str,base_hello,68656c6c6f,t|68656c6c6f|5|5|5,&str,base_hello,68656c6c6f,t|68656c6c6f|5|5|5,,REFUSE
A:|||10|11,&str,base_hello,68656c6c6f,t|68656c6c6f|5|5|5,Vec<u8>,base_hello,68656c6c6f,t|68656c6c6f|5|5|5,,REFUSE
A:|||10|12,&str,base_hello,68656c6c6f,t|68656c6c6f|5|5|5,Vec<T>,base,"[1, 2, 3]","c|[1, 1.0, 0],[1, 1.0, 1],[1, 1.5, 1]|integer|as-sorted",,REFUSE
A:|||10|13,&str,base_hello,68656c6c6f,t|68656c6c6f|5|5|5,[T; N],base,"[1, 2, 3]","c|[1, 1.0, 0],[1, 1.0, 1],[1, 1.5, 1]|integer|as-sorted",,REFUSE
A:|||10|14,&str,base_hello,68656c6c6f,t|68656c6c6f|5|5|5,&[T],base,"[1, 2, 3]","c|[1, 1.0, 0],[1, 1.0, 1],[1, 1.5, 1]|integer|as-sorted",,REFUSE
A:|||10|15,&str,base_hello,68656c6c6f,t|68656c6c6f|5|5|5,VecDeque<T>,base,"[1, 2, 3]","c|[1, 1.0, 0],[1, 1.0, 1],[1, 1.5, 1]|integer|as-sorted",,REFUSE
A:|||10|16,&str,base_hello,68656c6c6f,t|68656c6c6f|5|5|5,tuple,base,"[1, 2, 3]","c|[1, 1.0, 0],[1, 1.0, 1],[1, 1.5, 1]|integer|as-sorted",,REFUSE
A:|||10|17,&str,base_hello,68656c6c6f,t|68656c6c6f|5|5|5,"HashMap<String,V>",flat,"{'a': 1, 'b': 2, 'c': 3}","c|[1, 1.0, 0],[1, 1.0, 1],[1, 1.5, 1]|text|not-applicable",,REFUSE
A:|||10|18,&str,base_hello,68656c6c6f,t|68656c6c6f|5|5|5,"BTreeMap<String,V>",flat,"{'a': 1, 'b': 2, 'c': 3}","c|[1, 1.0, 0],[1, 1.0, 1],[1, 1.5, 1]|text|not-applicable",,REFUSE
A:|||10|19,&str,base_hello,68656c6c6f,t|68656c6c6f|5|5|5,struct,flat,"{'a': 1, 'b': 2, 'c': 3}","c|[1, 1.0, 0],[1, 1.0, 1],[1, 1.5, 1]|text|not-applicable",,REFUSE
A:|||10|20,&str,base_hello,68656c6c6f,t|68656c6c6f|5|5|5,Vec<Vec<T>>,seq_in_seq,"[[1, 2], [3, 4]]","c|c|[1, 1.0, 0],[1, 1.0, 1]|integer|as-sorted,c|[1, 1.0, 2],[1, 1.5, 1]|integer|as-sorted|integer|as-sorted",,REFUSE
A:|||10|21,&str,base_hello,68656c6c6f,t|68656c6c6f|5|5|5,enum Node,seq_in_seq,"[[1, 2], [3, 4]]","c|c|[1, 1.0, 0],[1, 1.0, 1]|integer|as-sorted,c|[1, 1.0, 2],[1, 1.5, 1]|integer|as-sorted|integer|as-sorted",,REFUSE
A:|||11|0,Vec<u8>,base_hello,68656c6c6f,t|68656c6c6f|5|5|5,unit,null,null,null,,REFUSE
A:|||11|1,Vec<u8>,base_hello,68656c6c6f,t|68656c6c6f|5|5|5,Option::None,null,null,null,,REFUSE
A:|||11|2,Vec<u8>,base_hello,68656c6c6f,t|68656c6c6f|5|5|5,bool,true,true,true,,REFUSE
A:|||11|3,Vec<u8>,base_hello,68656c6c6f,t|68656c6c6f|5|5|5,i32,base_42,0000002a,"[1, 1.3125, 5]",,REFUSE
A:|||11|4,Vec<u8>,base_hello,68656c6c6f,t|68656c6c6f|5|5|5,i64,base_42,000000000000002a,"[1, 1.3125, 5]",,REFUSE
A:|||11|5,Vec<u8>,base_hello,68656c6c6f,t|68656c6c6f|5|5|5,u64,base_42,000000000000002a,"[1, 1.3125, 5]",,REFUSE
A:|||11|6,Vec<u8>,base_hello,68656c6c6f,t|68656c6c6f|5|5|5,i128,base_42,0000000000000000000000000000002a,"[1, 1.3125, 5]",,REFUSE
A:|||11|7,Vec<u8>,base_hello,68656c6c6f,t|68656c6c6f|5|5|5,f64,base_1_5,3ff8000000000000,"[1, 1.5, 0]",,REFUSE
A:|||11|8,Vec<u8>,base_hello,68656c6c6f,t|68656c6c6f|5|5|5,f32,base_1_5,3fc00000,"[1, 1.5, 0]",,REFUSE
A:|||11|9,Vec<u8>,base_hello,68656c6c6f,t|68656c6c6f|5|5|5,String,base_hello,68656c6c6f,t|68656c6c6f|5|5|5,,REFUSE
A:|||11|10,Vec<u8>,base_hello,68656c6c6f,t|68656c6c6f|5|5|5,&str,base_hello,68656c6c6f,t|68656c6c6f|5|5|5,,REFUSE
A:|||11|11,Vec<u8>,base_hello,68656c6c6f,t|68656c6c6f|5|5|5,Vec<u8>,base_hello,68656c6c6f,t|68656c6c6f|5|5|5,,REFUSE
A:|||11|12,Vec<u8>,base_hello,68656c6c6f,t|68656c6c6f|5|5|5,Vec<T>,base,"[1, 2, 3]","c|[1, 1.0, 0],[1, 1.0, 1],[1, 1.5, 1]|integer|as-sorted",,REFUSE
A:|||11|13,Vec<u8>,base_hello,68656c6c6f,t|68656c6c6f|5|5|5,[T; N],base,"[1, 2, 3]","c|[1, 1.0, 0],[1, 1.0, 1],[1, 1.5, 1]|integer|as-sorted",,REFUSE
A:|||11|14,Vec<u8>,base_hello,68656c6c6f,t|68656c6c6f|5|5|5,&[T],base,"[1, 2, 3]","c|[1, 1.0, 0],[1, 1.0, 1],[1, 1.5, 1]|integer|as-sorted",,REFUSE
A:|||11|15,Vec<u8>,base_hello,68656c6c6f,t|68656c6c6f|5|5|5,VecDeque<T>,base,"[1, 2, 3]","c|[1, 1.0, 0],[1, 1.0, 1],[1, 1.5, 1]|integer|as-sorted",,REFUSE
A:|||11|16,Vec<u8>,base_hello,68656c6c6f,t|68656c6c6f|5|5|5,tuple,base,"[1, 2, 3]","c|[1, 1.0, 0],[1, 1.0, 1],[1, 1.5, 1]|integer|as-sorted",,REFUSE
A:|||11|17,Vec<u8>,base_hello,68656c6c6f,t|68656c6c6f|5|5|5,"HashMap<String,V>",flat,"{'a': 1, 'b': 2, 'c': 3}","c|[1, 1.0, 0],[1, 1.0, 1],[1, 1.5, 1]|text|not-applicable",,REFUSE
A:|||11|18,Vec<u8>,base_hello,68656c6c6f,t|68656c6c6f|5|5|5,"BTreeMap<String,V>",flat,"{'a': 1, 'b': 2, 'c': 3}","c|[1, 1.0, 0],[1, 1.0, 1],[1, 1.5, 1]|text|not-applicable",,REFUSE
A:|||11|19,Vec<u8>,base_hello,68656c6c6f,t|68656c6c6f|5|5|5,struct,flat,"{'a': 1, 'b': 2, 'c': 3}","c|[1, 1.0, 0],[1, 1.0, 1],[1, 1.5, 1]|text|not-applicable",,REFUSE
A:|||11|20,Vec<u8>,base_hello,68656c6c6f,t|68656c6c6f|5|5|5,Vec<Vec<T>>,seq_in_seq,"[[1, 2], [3, 4]]","c|c|[1, 1.0, 0],[1, 1.0, 1]|integer|as-sorted,c|[1, 1.0, 2],[1, 1.5, 1]|integer|as-sorted|integer|as-sorted",,REFUSE
A:|||11|21,Vec<u8>,base_hello,68656c6c6f,t|68656c6c6f|5|5|5,enum Node,seq_in_seq,"[[1, 2], [3, 4]]","c|c|[1, 1.0, 0],[1, 1.0, 1]|integer|as-sorted,c|[1, 1.0, 2],[1, 1.5, 1]|integer|as-sorted|integer|as-sorted",,REFUSE
A:|||12|0,Vec<T>,base,"[1, 2, 3]","c|[1, 1.0, 0],[1, 1.0, 1],[1, 1.5, 1]|integer|as-sorted",unit,null,null,null,,REFUSE
A:|||12|1,Vec<T>,base,"[1, 2, 3]","c|[1, 1.0, 0],[1, 1.0, 1],[1, 1.5, 1]|integer|as-sorted",Option::None,null,null,null,,REFUSE
A:|||12|2,Vec<T>,base,"[1, 2, 3]","c|[1, 1.0, 0],[1, 1.0, 1],[1, 1.5, 1]|integer|as-sorted",bool,true,true,true,,REFUSE
A:|||12|3,Vec<T>,base,"[1, 2, 3]","c|[1, 1.0, 0],[1, 1.0, 1],[1, 1.5, 1]|integer|as-sorted",i32,base_42,0000002a,"[1, 1.3125, 5]",,REFUSE
A:|||12|4,Vec<T>,base,"[1, 2, 3]","c|[1, 1.0, 0],[1, 1.0, 1],[1, 1.5, 1]|integer|as-sorted",i64,base_42,000000000000002a,"[1, 1.3125, 5]",,REFUSE
A:|||12|5,Vec<T>,base,"[1, 2, 3]","c|[1, 1.0, 0],[1, 1.0, 1],[1, 1.5, 1]|integer|as-sorted",u64,base_42,000000000000002a,"[1, 1.3125, 5]",,REFUSE
A:|||12|6,Vec<T>,base,"[1, 2, 3]","c|[1, 1.0, 0],[1, 1.0, 1],[1, 1.5, 1]|integer|as-sorted",i128,base_42,0000000000000000000000000000002a,"[1, 1.3125, 5]",,REFUSE
A:|||12|7,Vec<T>,base,"[1, 2, 3]","c|[1, 1.0, 0],[1, 1.0, 1],[1, 1.5, 1]|integer|as-sorted",f64,base_1_5,3ff8000000000000,"[1, 1.5, 0]",,REFUSE
A:|||12|8,Vec<T>,base,"[1, 2, 3]","c|[1, 1.0, 0],[1, 1.0, 1],[1, 1.5, 1]|integer|as-sorted",f32,base_1_5,3fc00000,"[1, 1.5, 0]",,REFUSE
A:|||12|9,Vec<T>,base,"[1, 2, 3]","c|[1, 1.0, 0],[1, 1.0, 1],[1, 1.5, 1]|integer|as-sorted",String,base_hello,68656c6c6f,t|68656c6c6f|5|5|5,,REFUSE
A:|||12|10,Vec<T>,base,"[1, 2, 3]","c|[1, 1.0, 0],[1, 1.0, 1],[1, 1.5, 1]|integer|as-sorted",&str,base_hello,68656c6c6f,t|68656c6c6f|5|5|5,,REFUSE
A:|||12|11,Vec<T>,base,"[1, 2, 3]","c|[1, 1.0, 0],[1, 1.0, 1],[1, 1.5, 1]|integer|as-sorted",Vec<u8>,base_hello,68656c6c6f,t|68656c6c6f|5|5|5,,REFUSE
A:|||12|12,Vec<T>,base,"[1, 2, 3]","c|[1, 1.0, 0],[1, 1.0, 1],[1, 1.5, 1]|integer|as-sorted",Vec<T>,base,"[1, 2, 3]","c|[1, 1.0, 0],[1, 1.0, 1],[1, 1.5, 1]|integer|as-sorted",,REFUSE
A:|||12|13,Vec<T>,base,"[1, 2, 3]","c|[1, 1.0, 0],[1, 1.0, 1],[1, 1.5, 1]|integer|as-sorted",[T; N],base,"[1, 2, 3]","c|[1, 1.0, 0],[1, 1.0, 1],[1, 1.5, 1]|integer|as-sorted",,REFUSE
A:|||12|14,Vec<T>,base,"[1, 2, 3]","c|[1, 1.0, 0],[1, 1.0, 1],[1, 1.5, 1]|integer|as-sorted",&[T],base,"[1, 2, 3]","c|[1, 1.0, 0],[1, 1.0, 1],[1, 1.5, 1]|integer|as-sorted",,REFUSE
A:|||12|15,Vec<T>,base,"[1, 2, 3]","c|[1, 1.0, 0],[1, 1.0, 1],[1, 1.5, 1]|integer|as-sorted",VecDeque<T>,base,"[1, 2, 3]","c|[1, 1.0, 0],[1, 1.0, 1],[1, 1.5, 1]|integer|as-sorted",,REFUSE
A:|||12|16,Vec<T>,base,"[1, 2, 3]","c|[1, 1.0, 0],[1, 1.0, 1],[1, 1.5, 1]|integer|as-sorted",tuple,base,"[1, 2, 3]","c|[1, 1.0, 0],[1, 1.0, 1],[1, 1.5, 1]|integer|as-sorted",,REFUSE
A:|||12|17,Vec<T>,base,"[1, 2, 3]","c|[1, 1.0, 0],[1, 1.0, 1],[1, 1.5, 1]|integer|as-sorted","HashMap<String,V>",flat,"{'a': 1, 'b': 2, 'c': 3}","c|[1, 1.0, 0],[1, 1.0, 1],[1, 1.5, 1]|text|not-applicable",,REFUSE
A:|||12|18,Vec<T>,base,"[1, 2, 3]","c|[1, 1.0, 0],[1, 1.0, 1],[1, 1.5, 1]|integer|as-sorted","BTreeMap<String,V>",flat,"{'a': 1, 'b': 2, 'c': 3}","c|[1, 1.0, 0],[1, 1.0, 1],[1, 1.5, 1]|text|not-applicable",,REFUSE
A:|||12|19,Vec<T>,base,"[1, 2, 3]","c|[1, 1.0, 0],[1, 1.0, 1],[1, 1.5, 1]|integer|as-sorted",struct,flat,"{'a': 1, 'b': 2, 'c': 3}","c|[1, 1.0, 0],[1, 1.0, 1],[1, 1.5, 1]|text|not-applicable",,REFUSE
A:|||12|20,Vec<T>,base,"[1, 2, 3]","c|[1, 1.0, 0],[1, 1.0, 1],[1, 1.5, 1]|integer|as-sorted",Vec<Vec<T>>,seq_in_seq,"[[1, 2], [3, 4]]","c|c|[1, 1.0, 0],[1, 1.0, 1]|integer|as-sorted,c|[1, 1.0, 2],[1, 1.5, 1]|integer|as-sorted|integer|as-sorted",,REFUSE
A:|||12|21,Vec<T>,base,"[1, 2, 3]","c|[1, 1.0, 0],[1, 1.0, 1],[1, 1.5, 1]|integer|as-sorted",enum Node,seq_in_seq,"[[1, 2], [3, 4]]","c|c|[1, 1.0, 0],[1, 1.0, 1]|integer|as-sorted,c|[1, 1.0, 2],[1, 1.5, 1]|integer|as-sorted|integer|as-sorted",,REFUSE
A:|||13|0,[T; N],base,"[1, 2, 3]","c|[1, 1.0, 0],[1, 1.0, 1],[1, 1.5, 1]|integer|as-sorted",unit,null,null,null,,REFUSE
A:|||13|1,[T; N],base,"[1, 2, 3]","c|[1, 1.0, 0],[1, 1.0, 1],[1, 1.5, 1]|integer|as-sorted",Option::None,null,null,null,,REFUSE
A:|||13|2,[T; N],base,"[1, 2, 3]","c|[1, 1.0, 0],[1, 1.0, 1],[1, 1.5, 1]|integer|as-sorted",bool,true,true,true,,REFUSE
A:|||13|3,[T; N],base,"[1, 2, 3]","c|[1, 1.0, 0],[1, 1.0, 1],[1, 1.5, 1]|integer|as-sorted",i32,base_42,0000002a,"[1, 1.3125, 5]",,REFUSE
A:|||13|4,[T; N],base,"[1, 2, 3]","c|[1, 1.0, 0],[1, 1.0, 1],[1, 1.5, 1]|integer|as-sorted",i64,base_42,000000000000002a,"[1, 1.3125, 5]",,REFUSE
A:|||13|5,[T; N],base,"[1, 2, 3]","c|[1, 1.0, 0],[1, 1.0, 1],[1, 1.5, 1]|integer|as-sorted",u64,base_42,000000000000002a,"[1, 1.3125, 5]",,REFUSE
A:|||13|6,[T; N],base,"[1, 2, 3]","c|[1, 1.0, 0],[1, 1.0, 1],[1, 1.5, 1]|integer|as-sorted",i128,base_42,0000000000000000000000000000002a,"[1, 1.3125, 5]",,REFUSE
A:|||13|7,[T; N],base,"[1, 2, 3]","c|[1, 1.0, 0],[1, 1.0, 1],[1, 1.5, 1]|integer|as-sorted",f64,base_1_5,3ff8000000000000,"[1, 1.5, 0]",,REFUSE
A:|||13|8,[T; N],base,"[1, 2, 3]","c|[1, 1.0, 0],[1, 1.0, 1],[1, 1.5, 1]|integer|as-sorted",f32,base_1_5,3fc00000,"[1, 1.5, 0]",,REFUSE
A:|||13|9,[T; N],base,"[1, 2, 3]","c|[1, 1.0, 0],[1, 1.0, 1],[1, 1.5, 1]|integer|as-sorted",String,base_hello,68656c6c6f,t|68656c6c6f|5|5|5,,REFUSE
A:|||13|10,[T; N],base,"[1, 2, 3]","c|[1, 1.0, 0],[1, 1.0, 1],[1, 1.5, 1]|integer|as-sorted",&str,base_hello,68656c6c6f,t|68656c6c6f|5|5|5,,REFUSE
A:|||13|11,[T; N],base,"[1, 2, 3]","c|[1, 1.0, 0],[1, 1.0, 1],[1, 1.5, 1]|integer|as-sorted",Vec<u8>,base_hello,68656c6c6f,t|68656c6c6f|5|5|5,,REFUSE
A:|||13|12,[T; N],base,"[1, 2, 3]","c|[1, 1.0, 0],[1, 1.0, 1],[1, 1.5, 1]|integer|as-sorted",Vec<T>,base,"[1, 2, 3]","c|[1, 1.0, 0],[1, 1.0, 1],[1, 1.5, 1]|integer|as-sorted",,REFUSE
A:|||13|13,[T; N],base,"[1, 2, 3]","c|[1, 1.0, 0],[1, 1.0, 1],[1, 1.5, 1]|integer|as-sorted",[T; N],base,"[1, 2, 3]","c|[1, 1.0, 0],[1, 1.0, 1],[1, 1.5, 1]|integer|as-sorted",,REFUSE
A:|||13|14,[T; N],base,"[1, 2, 3]","c|[1, 1.0, 0],[1, 1.0, 1],[1, 1.5, 1]|integer|as-sorted",&[T],base,"[1, 2, 3]","c|[1, 1.0, 0],[1, 1.0, 1],[1, 1.5, 1]|integer|as-sorted",,REFUSE
A:|||13|15,[T; N],base,"[1, 2, 3]","c|[1, 1.0, 0],[1, 1.0, 1],[1, 1.5, 1]|integer|as-sorted",VecDeque<T>,base,"[1, 2, 3]","c|[1, 1.0, 0],[1, 1.0, 1],[1, 1.5, 1]|integer|as-sorted",,REFUSE
A:|||13|16,[T; N],base,"[1, 2, 3]","c|[1, 1.0, 0],[1, 1.0, 1],[1, 1.5, 1]|integer|as-sorted",tuple,base,"[1, 2, 3]","c|[1, 1.0, 0],[1, 1.0, 1],[1, 1.5, 1]|integer|as-sorted",,REFUSE
A:|||13|17,[T; N],base,"[1, 2, 3]","c|[1, 1.0, 0],[1, 1.0, 1],[1, 1.5, 1]|integer|as-sorted","HashMap<String,V>",flat,"{'a': 1, 'b': 2, 'c': 3}","c|[1, 1.0, 0],[1, 1.0, 1],[1, 1.5, 1]|text|not-applicable",,REFUSE
A:|||13|18,[T; N],base,"[1, 2, 3]","c|[1, 1.0, 0],[1, 1.0, 1],[1, 1.5, 1]|integer|as-sorted","BTreeMap<String,V>",flat,"{'a': 1, 'b': 2, 'c': 3}","c|[1, 1.0, 0],[1, 1.0, 1],[1, 1.5, 1]|text|not-applicable",,REFUSE
A:|||13|19,[T; N],base,"[1, 2, 3]","c|[1, 1.0, 0],[1, 1.0, 1],[1, 1.5, 1]|integer|as-sorted",struct,flat,"{'a': 1, 'b': 2, 'c': 3}","c|[1, 1.0, 0],[1, 1.0, 1],[1, 1.5, 1]|text|not-applicable",,REFUSE
A:|||13|20,[T; N],base,"[1, 2, 3]","c|[1, 1.0, 0],[1, 1.0, 1],[1, 1.5, 1]|integer|as-sorted",Vec<Vec<T>>,seq_in_seq,"[[1, 2], [3, 4]]","c|c|[1, 1.0, 0],[1, 1.0, 1]|integer|as-sorted,c|[1, 1.0, 2],[1, 1.5, 1]|integer|as-sorted|integer|as-sorted",,REFUSE
A:|||13|21,[T; N],base,"[1, 2, 3]","c|[1, 1.0, 0],[1, 1.0, 1],[1, 1.5, 1]|integer|as-sorted",enum Node,seq_in_seq,"[[1, 2], [3, 4]]","c|c|[1, 1.0, 0],[1, 1.0, 1]|integer|as-sorted,c|[1, 1.0, 2],[1, 1.5, 1]|integer|as-sorted|integer|as-sorted",,REFUSE
A:|||14|0,&[T],base,"[1, 2, 3]","c|[1, 1.0, 0],[1, 1.0, 1],[1, 1.5, 1]|integer|as-sorted",unit,null,null,null,,REFUSE
A:|||14|1,&[T],base,"[1, 2, 3]","c|[1, 1.0, 0],[1, 1.0, 1],[1, 1.5, 1]|integer|as-sorted",Option::None,null,null,null,,REFUSE
A:|||14|2,&[T],base,"[1, 2, 3]","c|[1, 1.0, 0],[1, 1.0, 1],[1, 1.5, 1]|integer|as-sorted",bool,true,true,true,,REFUSE
A:|||14|3,&[T],base,"[1, 2, 3]","c|[1, 1.0, 0],[1, 1.0, 1],[1, 1.5, 1]|integer|as-sorted",i32,base_42,0000002a,"[1, 1.3125, 5]",,REFUSE
A:|||14|4,&[T],base,"[1, 2, 3]","c|[1, 1.0, 0],[1, 1.0, 1],[1, 1.5, 1]|integer|as-sorted",i64,base_42,000000000000002a,"[1, 1.3125, 5]",,REFUSE
A:|||14|5,&[T],base,"[1, 2, 3]","c|[1, 1.0, 0],[1, 1.0, 1],[1, 1.5, 1]|integer|as-sorted",u64,base_42,000000000000002a,"[1, 1.3125, 5]",,REFUSE
A:|||14|6,&[T],base,"[1, 2, 3]","c|[1, 1.0, 0],[1, 1.0, 1],[1, 1.5, 1]|integer|as-sorted",i128,base_42,0000000000000000000000000000002a,"[1, 1.3125, 5]",,REFUSE
A:|||14|7,&[T],base,"[1, 2, 3]","c|[1, 1.0, 0],[1, 1.0, 1],[1, 1.5, 1]|integer|as-sorted",f64,base_1_5,3ff8000000000000,"[1, 1.5, 0]",,REFUSE
A:|||14|8,&[T],base,"[1, 2, 3]","c|[1, 1.0, 0],[1, 1.0, 1],[1, 1.5, 1]|integer|as-sorted",f32,base_1_5,3fc00000,"[1, 1.5, 0]",,REFUSE
A:|||14|9,&[T],base,"[1, 2, 3]","c|[1, 1.0, 0],[1, 1.0, 1],[1, 1.5, 1]|integer|as-sorted",String,base_hello,68656c6c6f,t|68656c6c6f|5|5|5,,REFUSE
A:|||14|10,&[T],base,"[1, 2, 3]","c|[1, 1.0, 0],[1, 1.0, 1],[1, 1.5, 1]|integer|as-sorted",&str,base_hello,68656c6c6f,t|68656c6c6f|5|5|5,,REFUSE
A:|||14|11,&[T],base,"[1, 2, 3]","c|[1, 1.0, 0],[1, 1.0, 1],[1, 1.5, 1]|integer|as-sorted",Vec<u8>,base_hello,68656c6c6f,t|68656c6c6f|5|5|5,,REFUSE
A:|||14|12,&[T],base,"[1, 2, 3]","c|[1, 1.0, 0],[1, 1.0, 1],[1, 1.5, 1]|integer|as-sorted",Vec<T>,base,"[1, 2, 3]","c|[1, 1.0, 0],[1, 1.0, 1],[1, 1.5, 1]|integer|as-sorted",,REFUSE
A:|||14|13,&[T],base,"[1, 2, 3]","c|[1, 1.0, 0],[1, 1.0, 1],[1, 1.5, 1]|integer|as-sorted",[T; N],base,"[1, 2, 3]","c|[1, 1.0, 0],[1, 1.0, 1],[1, 1.5, 1]|integer|as-sorted",,REFUSE
A:|||14|14,&[T],base,"[1, 2, 3]","c|[1, 1.0, 0],[1, 1.0, 1],[1, 1.5, 1]|integer|as-sorted",&[T],base,"[1, 2, 3]","c|[1, 1.0, 0],[1, 1.0, 1],[1, 1.5, 1]|integer|as-sorted",,REFUSE
A:|||14|15,&[T],base,"[1, 2, 3]","c|[1, 1.0, 0],[1, 1.0, 1],[1, 1.5, 1]|integer|as-sorted",VecDeque<T>,base,"[1, 2, 3]","c|[1, 1.0, 0],[1, 1.0, 1],[1, 1.5, 1]|integer|as-sorted",,REFUSE
A:|||14|16,&[T],base,"[1, 2, 3]","c|[1, 1.0, 0],[1, 1.0, 1],[1, 1.5, 1]|integer|as-sorted",tuple,base,"[1, 2, 3]","c|[1, 1.0, 0],[1, 1.0, 1],[1, 1.5, 1]|integer|as-sorted",,REFUSE
A:|||14|17,&[T],base,"[1, 2, 3]","c|[1, 1.0, 0],[1, 1.0, 1],[1, 1.5, 1]|integer|as-sorted","HashMap<String,V>",flat,"{'a': 1, 'b': 2, 'c': 3}","c|[1, 1.0, 0],[1, 1.0, 1],[1, 1.5, 1]|text|not-applicable",,REFUSE
A:|||14|18,&[T],base,"[1, 2, 3]","c|[1, 1.0, 0],[1, 1.0, 1],[1, 1.5, 1]|integer|as-sorted","BTreeMap<String,V>",flat,"{'a': 1, 'b': 2, 'c': 3}","c|[1, 1.0, 0],[1, 1.0, 1],[1, 1.5, 1]|text|not-applicable",,REFUSE
A:|||14|19,&[T],base,"[1, 2, 3]","c|[1, 1.0, 0],[1, 1.0, 1],[1, 1.5, 1]|integer|as-sorted",struct,flat,"{'a': 1, 'b': 2, 'c': 3}","c|[1, 1.0, 0],[1, 1.0, 1],[1, 1.5, 1]|text|not-applicable",,REFUSE
A:|||14|20,&[T],base,"[1, 2, 3]","c|[1, 1.0, 0],[1, 1.0, 1],[1, 1.5, 1]|integer|as-sorted",Vec<Vec<T>>,seq_in_seq,"[[1, 2], [3, 4]]","c|c|[1, 1.0, 0],[1, 1.0, 1]|integer|as-sorted,c|[1, 1.0, 2],[1, 1.5, 1]|integer|as-sorted|integer|as-sorted",,REFUSE
A:|||14|21,&[T],base,"[1, 2, 3]","c|[1, 1.0, 0],[1, 1.0, 1],[1, 1.5, 1]|integer|as-sorted",enum Node,seq_in_seq,"[[1, 2], [3, 4]]","c|c|[1, 1.0, 0],[1, 1.0, 1]|integer|as-sorted,c|[1, 1.0, 2],[1, 1.5, 1]|integer|as-sorted|integer|as-sorted",,REFUSE
A:|||15|0,VecDeque<T>,base,"[1, 2, 3]","c|[1, 1.0, 0],[1, 1.0, 1],[1, 1.5, 1]|integer|as-sorted",unit,null,null,null,,REFUSE
A:|||15|1,VecDeque<T>,base,"[1, 2, 3]","c|[1, 1.0, 0],[1, 1.0, 1],[1, 1.5, 1]|integer|as-sorted",Option::None,null,null,null,,REFUSE
A:|||15|2,VecDeque<T>,base,"[1, 2, 3]","c|[1, 1.0, 0],[1, 1.0, 1],[1, 1.5, 1]|integer|as-sorted",bool,true,true,true,,REFUSE
A:|||15|3,VecDeque<T>,base,"[1, 2, 3]","c|[1, 1.0, 0],[1, 1.0, 1],[1, 1.5, 1]|integer|as-sorted",i32,base_42,0000002a,"[1, 1.3125, 5]",,REFUSE
A:|||15|4,VecDeque<T>,base,"[1, 2, 3]","c|[1, 1.0, 0],[1, 1.0, 1],[1, 1.5, 1]|integer|as-sorted",i64,base_42,000000000000002a,"[1, 1.3125, 5]",,REFUSE
A:|||15|5,VecDeque<T>,base,"[1, 2, 3]","c|[1, 1.0, 0],[1, 1.0, 1],[1, 1.5, 1]|integer|as-sorted",u64,base_42,000000000000002a,"[1, 1.3125, 5]",,REFUSE
A:|||15|6,VecDeque<T>,base,"[1, 2, 3]","c|[1, 1.0, 0],[1, 1.0, 1],[1, 1.5, 1]|integer|as-sorted",i128,base_42,0000000000000000000000000000002a,"[1, 1.3125, 5]",,REFUSE
A:|||15|7,VecDeque<T>,base,"[1, 2, 3]","c|[1, 1.0, 0],[1, 1.0, 1],[1, 1.5, 1]|integer|as-sorted",f64,base_1_5,3ff8000000000000,"[1, 1.5, 0]",,REFUSE
A:|||15|8,VecDeque<T>,base,"[1, 2, 3]","c|[1, 1.0, 0],[1, 1.0, 1],[1, 1.5, 1]|integer|as-sorted",f32,base_1_5,3fc00000,"[1, 1.5, 0]",,REFUSE
A:|||15|9,VecDeque<T>,base,"[1, 2, 3]","c|[1, 1.0, 0],[1, 1.0, 1],[1, 1.5, 1]|integer|as-sorted",String,base_hello,68656c6c6f,t|68656c6c6f|5|5|5,,REFUSE
A:|||15|10,VecDeque<T>,base,"[1, 2, 3]","c|[1, 1.0, 0],[1, 1.0, 1],[1, 1.5, 1]|integer|as-sorted",&str,base_hello,68656c6c6f,t|68656c6c6f|5|5|5,,REFUSE
A:|||15|11,VecDeque<T>,base,"[1, 2, 3]","c|[1, 1.0, 0],[1, 1.0, 1],[1, 1.5, 1]|integer|as-sorted",Vec<u8>,base_hello,68656c6c6f,t|68656c6c6f|5|5|5,,REFUSE
A:|||15|12,VecDeque<T>,base,"[1, 2, 3]","c|[1, 1.0, 0],[1, 1.0, 1],[1, 1.5, 1]|integer|as-sorted",Vec<T>,base,"[1, 2, 3]","c|[1, 1.0, 0],[1, 1.0, 1],[1, 1.5, 1]|integer|as-sorted",,REFUSE
A:|||15|13,VecDeque<T>,base,"[1, 2, 3]","c|[1, 1.0, 0],[1, 1.0, 1],[1, 1.5, 1]|integer|as-sorted",[T; N],base,"[1, 2, 3]","c|[1, 1.0, 0],[1, 1.0, 1],[1, 1.5, 1]|integer|as-sorted",,REFUSE
A:|||15|14,VecDeque<T>,base,"[1, 2, 3]","c|[1, 1.0, 0],[1, 1.0, 1],[1, 1.5, 1]|integer|as-sorted",&[T],base,"[1, 2, 3]","c|[1, 1.0, 0],[1, 1.0, 1],[1, 1.5, 1]|integer|as-sorted",,REFUSE
A:|||15|15,VecDeque<T>,base,"[1, 2, 3]","c|[1, 1.0, 0],[1, 1.0, 1],[1, 1.5, 1]|integer|as-sorted",VecDeque<T>,base,"[1, 2, 3]","c|[1, 1.0, 0],[1, 1.0, 1],[1, 1.5, 1]|integer|as-sorted",,REFUSE
A:|||15|16,VecDeque<T>,base,"[1, 2, 3]","c|[1, 1.0, 0],[1, 1.0, 1],[1, 1.5, 1]|integer|as-sorted",tuple,base,"[1, 2, 3]","c|[1, 1.0, 0],[1, 1.0, 1],[1, 1.5, 1]|integer|as-sorted",,REFUSE
A:|||15|17,VecDeque<T>,base,"[1, 2, 3]","c|[1, 1.0, 0],[1, 1.0, 1],[1, 1.5, 1]|integer|as-sorted","HashMap<String,V>",flat,"{'a': 1, 'b': 2, 'c': 3}","c|[1, 1.0, 0],[1, 1.0, 1],[1, 1.5, 1]|text|not-applicable",,REFUSE
A:|||15|18,VecDeque<T>,base,"[1, 2, 3]","c|[1, 1.0, 0],[1, 1.0, 1],[1, 1.5, 1]|integer|as-sorted","BTreeMap<String,V>",flat,"{'a': 1, 'b': 2, 'c': 3}","c|[1, 1.0, 0],[1, 1.0, 1],[1, 1.5, 1]|text|not-applicable",,REFUSE
A:|||15|19,VecDeque<T>,base,"[1, 2, 3]","c|[1, 1.0, 0],[1, 1.0, 1],[1, 1.5, 1]|integer|as-sorted",struct,flat,"{'a': 1, 'b': 2, 'c': 3}","c|[1, 1.0, 0],[1, 1.0, 1],[1, 1.5, 1]|text|not-applicable",,REFUSE
A:|||15|20,VecDeque<T>,base,"[1, 2, 3]","c|[1, 1.0, 0],[1, 1.0, 1],[1, 1.5, 1]|integer|as-sorted",Vec<Vec<T>>,seq_in_seq,"[[1, 2], [3, 4]]","c|c|[1, 1.0, 0],[1, 1.0, 1]|integer|as-sorted,c|[1, 1.0, 2],[1, 1.5, 1]|integer|as-sorted|integer|as-sorted",,REFUSE
A:|||15|21,VecDeque<T>,base,"[1, 2, 3]","c|[1, 1.0, 0],[1, 1.0, 1],[1, 1.5, 1]|integer|as-sorted",enum Node,seq_in_seq,"[[1, 2], [3, 4]]","c|c|[1, 1.0, 0],[1, 1.0, 1]|integer|as-sorted,c|[1, 1.0, 2],[1, 1.5, 1]|integer|as-sorted|integer|as-sorted",,REFUSE
A:|||16|0,tuple,base,"[1, 2, 3]","c|[1, 1.0, 0],[1, 1.0, 1],[1, 1.5, 1]|integer|as-sorted",unit,null,null,null,,REFUSE
A:|||16|1,tuple,base,"[1, 2, 3]","c|[1, 1.0, 0],[1, 1.0, 1],[1, 1.5, 1]|integer|as-sorted",Option::None,null,null,null,,REFUSE
A:|||16|2,tuple,base,"[1, 2, 3]","c|[1, 1.0, 0],[1, 1.0, 1],[1, 1.5, 1]|integer|as-sorted",bool,true,true,true,,REFUSE
A:|||16|3,tuple,base,"[1, 2, 3]","c|[1, 1.0, 0],[1, 1.0, 1],[1, 1.5, 1]|integer|as-sorted",i32,base_42,0000002a,"[1, 1.3125, 5]",,REFUSE
A:|||16|4,tuple,base,"[1, 2, 3]","c|[1, 1.0, 0],[1, 1.0, 1],[1, 1.5, 1]|integer|as-sorted",i64,base_42,000000000000002a,"[1, 1.3125, 5]",,REFUSE
A:|||16|5,tuple,base,"[1, 2, 3]","c|[1, 1.0, 0],[1, 1.0, 1],[1, 1.5, 1]|integer|as-sorted",u64,base_42,000000000000002a,"[1, 1.3125, 5]",,REFUSE
A:|||16|6,tuple,base,"[1, 2, 3]","c|[1, 1.0, 0],[1, 1.0, 1],[1, 1.5, 1]|integer|as-sorted",i128,base_42,0000000000000000000000000000002a,"[1, 1.3125, 5]",,REFUSE
A:|||16|7,tuple,base,"[1, 2, 3]","c|[1, 1.0, 0],[1, 1.0, 1],[1, 1.5, 1]|integer|as-sorted",f64,base_1_5,3ff8000000000000,"[1, 1.5, 0]",,REFUSE
A:|||16|8,tuple,base,"[1, 2, 3]","c|[1, 1.0, 0],[1, 1.0, 1],[1, 1.5, 1]|integer|as-sorted",f32,base_1_5,3fc00000,"[1, 1.5, 0]",,REFUSE
A:|||16|9,tuple,base,"[1, 2, 3]","c|[1, 1.0, 0],[1, 1.0, 1],[1, 1.5, 1]|integer|as-sorted",String,base_hello,68656c6c6f,t|68656c6c6f|5|5|5,,REFUSE
A:|||16|10,tuple,base,"[1, 2, 3]","c|[1, 1.0, 0],[1, 1.0, 1],[1, 1.5, 1]|integer|as-sorted",&str,base_hello,68656c6c6f,t|68656c6c6f|5|5|5,,REFUSE
A:|||16|11,tuple,base,"[1, 2, 3]","c|[1, 1.0, 0],[1, 1.0, 1],[1, 1.5, 1]|integer|as-sorted",Vec<u8>,base_hello,68656c6c6f,t|68656c6c6f|5|5|5,,REFUSE
A:|||16|12,tuple,base,"[1, 2, 3]","c|[1, 1.0, 0],[1, 1.0, 1],[1, 1.5, 1]|integer|as-sorted",Vec<T>,base,"[1, 2, 3]","c|[1, 1.0, 0],[1, 1.0, 1],[1, 1.5, 1]|integer|as-sorted",,REFUSE
A:|||16|13,tuple,base,"[1, 2, 3]","c|[1, 1.0, 0],[1, 1.0, 1],[1, 1.5, 1]|integer|as-sorted",[T; N],base,"[1, 2, 3]","c|[1, 1.0, 0],[1, 1.0, 1],[1, 1.5, 1]|integer|as-sorted",,REFUSE
A:|||16|14,tuple,base,"[1, 2, 3]","c|[1, 1.0, 0],[1, 1.0, 1],[1, 1.5, 1]|integer|as-sorted",&[T],base,"[1, 2, 3]","c|[1, 1.0, 0],[1, 1.0, 1],[1, 1.5, 1]|integer|as-sorted",,REFUSE
A:|||16|15,tuple,base,"[1, 2, 3]","c|[1, 1.0, 0],[1, 1.0, 1],[1, 1.5, 1]|integer|as-sorted",VecDeque<T>,base,"[1, 2, 3]","c|[1, 1.0, 0],[1, 1.0, 1],[1, 1.5, 1]|integer|as-sorted",,REFUSE
A:|||16|16,tuple,base,"[1, 2, 3]","c|[1, 1.0, 0],[1, 1.0, 1],[1, 1.5, 1]|integer|as-sorted",tuple,base,"[1, 2, 3]","c|[1, 1.0, 0],[1, 1.0, 1],[1, 1.5, 1]|integer|as-sorted",,REFUSE
A:|||16|17,tuple,base,"[1, 2, 3]","c|[1, 1.0, 0],[1, 1.0, 1],[1, 1.5, 1]|integer|as-sorted","HashMap<String,V>",flat,"{'a': 1, 'b': 2, 'c': 3}","c|[1, 1.0, 0],[1, 1.0, 1],[1, 1.5, 1]|text|not-applicable",,REFUSE
A:|||16|18,tuple,base,"[1, 2, 3]","c|[1, 1.0, 0],[1, 1.0, 1],[1, 1.5, 1]|integer|as-sorted","BTreeMap<String,V>",flat,"{'a': 1, 'b': 2, 'c': 3}","c|[1, 1.0, 0],[1, 1.0, 1],[1, 1.5, 1]|text|not-applicable",,REFUSE
A:|||16|19,tuple,base,"[1, 2, 3]","c|[1, 1.0, 0],[1, 1.0, 1],[1, 1.5, 1]|integer|as-sorted",struct,flat,"{'a': 1, 'b': 2, 'c': 3}","c|[1, 1.0, 0],[1, 1.0, 1],[1, 1.5, 1]|text|not-applicable",,REFUSE
A:|||16|20,tuple,base,"[1, 2, 3]","c|[1, 1.0, 0],[1, 1.0, 1],[1, 1.5, 1]|integer|as-sorted",Vec<Vec<T>>,seq_in_seq,"[[1, 2], [3, 4]]","c|c|[1, 1.0, 0],[1, 1.0, 1]|integer|as-sorted,c|[1, 1.0, 2],[1, 1.5, 1]|integer|as-sorted|integer|as-sorted",,REFUSE
A:|||16|21,tuple,base,"[1, 2, 3]","c|[1, 1.0, 0],[1, 1.0, 1],[1, 1.5, 1]|integer|as-sorted",enum Node,seq_in_seq,"[[1, 2], [3, 4]]","c|c|[1, 1.0, 0],[1, 1.0, 1]|integer|as-sorted,c|[1, 1.0, 2],[1, 1.5, 1]|integer|as-sorted|integer|as-sorted",,REFUSE
A:|||17|0,"HashMap<String,V>",flat,"{'a': 1, 'b': 2, 'c': 3}","c|[1, 1.0, 0],[1, 1.0, 1],[1, 1.5, 1]|text|not-applicable",unit,null,null,null,,REFUSE
A:|||17|1,"HashMap<String,V>",flat,"{'a': 1, 'b': 2, 'c': 3}","c|[1, 1.0, 0],[1, 1.0, 1],[1, 1.5, 1]|text|not-applicable",Option::None,null,null,null,,REFUSE
A:|||17|2,"HashMap<String,V>",flat,"{'a': 1, 'b': 2, 'c': 3}","c|[1, 1.0, 0],[1, 1.0, 1],[1, 1.5, 1]|text|not-applicable",bool,true,true,true,,REFUSE
A:|||17|3,"HashMap<String,V>",flat,"{'a': 1, 'b': 2, 'c': 3}","c|[1, 1.0, 0],[1, 1.0, 1],[1, 1.5, 1]|text|not-applicable",i32,base_42,0000002a,"[1, 1.3125, 5]",,REFUSE
A:|||17|4,"HashMap<String,V>",flat,"{'a': 1, 'b': 2, 'c': 3}","c|[1, 1.0, 0],[1, 1.0, 1],[1, 1.5, 1]|text|not-applicable",i64,base_42,000000000000002a,"[1, 1.3125, 5]",,REFUSE
A:|||17|5,"HashMap<String,V>",flat,"{'a': 1, 'b': 2, 'c': 3}","c|[1, 1.0, 0],[1, 1.0, 1],[1, 1.5, 1]|text|not-applicable",u64,base_42,000000000000002a,"[1, 1.3125, 5]",,REFUSE
A:|||17|6,"HashMap<String,V>",flat,"{'a': 1, 'b': 2, 'c': 3}","c|[1, 1.0, 0],[1, 1.0, 1],[1, 1.5, 1]|text|not-applicable",i128,base_42,0000000000000000000000000000002a,"[1, 1.3125, 5]",,REFUSE
A:|||17|7,"HashMap<String,V>",flat,"{'a': 1, 'b': 2, 'c': 3}","c|[1, 1.0, 0],[1, 1.0, 1],[1, 1.5, 1]|text|not-applicable",f64,base_1_5,3ff8000000000000,"[1, 1.5, 0]",,REFUSE
A:|||17|8,"HashMap<String,V>",flat,"{'a': 1, 'b': 2, 'c': 3}","c|[1, 1.0, 0],[1, 1.0, 1],[1, 1.5, 1]|text|not-applicable",f32,base_1_5,3fc00000,"[1, 1.5, 0]",,REFUSE
A:|||17|9,"HashMap<String,V>",flat,"{'a': 1, 'b': 2, 'c': 3}","c|[1, 1.0, 0],[1, 1.0, 1],[1, 1.5, 1]|text|not-applicable",String,base_hello,68656c6c6f,t|68656c6c6f|5|5|5,,REFUSE
A:|||17|10,"HashMap<String,V>",flat,"{'a': 1, 'b': 2, 'c': 3}","c|[1, 1.0, 0],[1, 1.0, 1],[1, 1.5, 1]|text|not-applicable",&str,base_hello,68656c6c6f,t|68656c6c6f|5|5|5,,REFUSE
A:|||17|11,"HashMap<String,V>",flat,"{'a': 1, 'b': 2, 'c': 3}","c|[1, 1.0, 0],[1, 1.0, 1],[1, 1.5, 1]|text|not-applicable",Vec<u8>,base_hello,68656c6c6f,t|68656c6c6f|5|5|5,,REFUSE
A:|||17|12,"HashMap<String,V>",flat,"{'a': 1, 'b': 2, 'c': 3}","c|[1, 1.0, 0],[1, 1.0, 1],[1, 1.5, 1]|text|not-applicable",Vec<T>,base,"[1, 2, 3]","c|[1, 1.0, 0],[1, 1.0, 1],[1, 1.5, 1]|integer|as-sorted",,REFUSE
A:|||17|13,"HashMap<String,V>",flat,"{'a': 1, 'b': 2, 'c': 3}","c|[1, 1.0, 0],[1, 1.0, 1],[1, 1.5, 1]|text|not-applicable",[T; N],base,"[1, 2, 3]","c|[1, 1.0, 0],[1, 1.0, 1],[1, 1.5, 1]|integer|as-sorted",,REFUSE
A:|||17|14,"HashMap<String,V>",flat,"{'a': 1, 'b': 2, 'c': 3}","c|[1, 1.0, 0],[1, 1.0, 1],[1, 1.5, 1]|text|not-applicable",&[T],base,"[1, 2, 3]","c|[1, 1.0, 0],[1, 1.0, 1],[1, 1.5, 1]|integer|as-sorted",,REFUSE
A:|||17|15,"HashMap<String,V>",flat,"{'a': 1, 'b': 2, 'c': 3}","c|[1, 1.0, 0],[1, 1.0, 1],[1, 1.5, 1]|text|not-applicable",VecDeque<T>,base,"[1, 2, 3]","c|[1, 1.0, 0],[1, 1.0, 1],[1, 1.5, 1]|integer|as-sorted",,REFUSE
A:|||17|16,"HashMap<String,V>",flat,"{'a': 1, 'b': 2, 'c': 3}","c|[1, 1.0, 0],[1, 1.0, 1],[1, 1.5, 1]|text|not-applicable",tuple,base,"[1, 2, 3]","c|[1, 1.0, 0],[1, 1.0, 1],[1, 1.5, 1]|integer|as-sorted",,REFUSE
A:|||17|17,"HashMap<String,V>",flat,"{'a': 1, 'b': 2, 'c': 3}","c|[1, 1.0, 0],[1, 1.0, 1],[1, 1.5, 1]|text|not-applicable","HashMap<String,V>",flat,"{'a': 1, 'b': 2, 'c': 3}","c|[1, 1.0, 0],[1, 1.0, 1],[1, 1.5, 1]|text|not-applicable",,REFUSE
A:|||17|18,"HashMap<String,V>",flat,"{'a': 1, 'b': 2, 'c': 3}","c|[1, 1.0, 0],[1, 1.0, 1],[1, 1.5, 1]|text|not-applicable","BTreeMap<String,V>",flat,"{'a': 1, 'b': 2, 'c': 3}","c|[1, 1.0, 0],[1, 1.0, 1],[1, 1.5, 1]|text|not-applicable",,REFUSE
A:|||17|19,"HashMap<String,V>",flat,"{'a': 1, 'b': 2, 'c': 3}","c|[1, 1.0, 0],[1, 1.0, 1],[1, 1.5, 1]|text|not-applicable",struct,flat,"{'a': 1, 'b': 2, 'c': 3}","c|[1, 1.0, 0],[1, 1.0, 1],[1, 1.5, 1]|text|not-applicable",,REFUSE
A:|||17|20,"HashMap<String,V>",flat,"{'a': 1, 'b': 2, 'c': 3}","c|[1, 1.0, 0],[1, 1.0, 1],[1, 1.5, 1]|text|not-applicable",Vec<Vec<T>>,seq_in_seq,"[[1, 2], [3, 4]]","c|c|[1, 1.0, 0],[1, 1.0, 1]|integer|as-sorted,c|[1, 1.0, 2],[1, 1.5, 1]|integer|as-sorted|integer|as-sorted",,REFUSE
A:|||17|21,"HashMap<String,V>",flat,"{'a': 1, 'b': 2, 'c': 3}","c|[1, 1.0, 0],[1, 1.0, 1],[1, 1.5, 1]|text|not-applicable",enum Node,seq_in_seq,"[[1, 2], [3, 4]]","c|c|[1, 1.0, 0],[1, 1.0, 1]|integer|as-sorted,c|[1, 1.0, 2],[1, 1.5, 1]|integer|as-sorted|integer|as-sorted",,REFUSE
A:|||18|0,"BTreeMap<String,V>",flat,"{'a': 1, 'b': 2, 'c': 3}","c|[1, 1.0, 0],[1, 1.0, 1],[1, 1.5, 1]|text|not-applicable",unit,null,null,null,,REFUSE
A:|||18|1,"BTreeMap<String,V>",flat,"{'a': 1, 'b': 2, 'c': 3}","c|[1, 1.0, 0],[1, 1.0, 1],[1, 1.5, 1]|text|not-applicable",Option::None,null,null,null,,REFUSE
A:|||18|2,"BTreeMap<String,V>",flat,"{'a': 1, 'b': 2, 'c': 3}","c|[1, 1.0, 0],[1, 1.0, 1],[1, 1.5, 1]|text|not-applicable",bool,true,true,true,,REFUSE
A:|||18|3,"BTreeMap<String,V>",flat,"{'a': 1, 'b': 2, 'c': 3}","c|[1, 1.0, 0],[1, 1.0, 1],[1, 1.5, 1]|text|not-applicable",i32,base_42,0000002a,"[1, 1.3125, 5]",,REFUSE
A:|||18|4,"BTreeMap<String,V>",flat,"{'a': 1, 'b': 2, 'c': 3}","c|[1, 1.0, 0],[1, 1.0, 1],[1, 1.5, 1]|text|not-applicable",i64,base_42,000000000000002a,"[1, 1.3125, 5]",,REFUSE
A:|||18|5,"BTreeMap<String,V>",flat,"{'a': 1, 'b': 2, 'c': 3}","c|[1, 1.0, 0],[1, 1.0, 1],[1, 1.5, 1]|text|not-applicable",u64,base_42,000000000000002a,"[1, 1.3125, 5]",,REFUSE
A:|||18|6,"BTreeMap<String,V>",flat,"{'a': 1, 'b': 2, 'c': 3}","c|[1, 1.0, 0],[1, 1.0, 1],[1, 1.5, 1]|text|not-applicable",i128,base_42,0000000000000000000000000000002a,"[1, 1.3125, 5]",,REFUSE
A:|||18|7,"BTreeMap<String,V>",flat,"{'a': 1, 'b': 2, 'c': 3}","c|[1, 1.0, 0],[1, 1.0, 1],[1, 1.5, 1]|text|not-applicable",f64,base_1_5,3ff8000000000000,"[1, 1.5, 0]",,REFUSE
A:|||18|8,"BTreeMap<String,V>",flat,"{'a': 1, 'b': 2, 'c': 3}","c|[1, 1.0, 0],[1, 1.0, 1],[1, 1.5, 1]|text|not-applicable",f32,base_1_5,3fc00000,"[1, 1.5, 0]",,REFUSE
A:|||18|9,"BTreeMap<String,V>",flat,"{'a': 1, 'b': 2, 'c': 3}","c|[1, 1.0, 0],[1, 1.0, 1],[1, 1.5, 1]|text|not-applicable",String,base_hello,68656c6c6f,t|68656c6c6f|5|5|5,,REFUSE
A:|||18|10,"BTreeMap<String,V>",flat,"{'a': 1, 'b': 2, 'c': 3}","c|[1, 1.0, 0],[1, 1.0, 1],[1, 1.5, 1]|text|not-applicable",&str,base_hello,68656c6c6f,t|68656c6c6f|5|5|5,,REFUSE
A:|||18|11,"BTreeMap<String,V>",flat,"{'a': 1, 'b': 2, 'c': 3}","c|[1, 1.0, 0],[1, 1.0, 1],[1, 1.5, 1]|text|not-applicable",Vec<u8>,base_hello,68656c6c6f,t|68656c6c6f|5|5|5,,REFUSE
A:|||18|12,"BTreeMap<String,V>",flat,"{'a': 1, 'b': 2, 'c': 3}","c|[1, 1.0, 0],[1, 1.0, 1],[1, 1.5, 1]|text|not-applicable",Vec<T>,base,"[1, 2, 3]","c|[1, 1.0, 0],[1, 1.0, 1],[1, 1.5, 1]|integer|as-sorted",,REFUSE
A:|||18|13,"BTreeMap<String,V>",flat,"{'a': 1, 'b': 2, 'c': 3}","c|[1, 1.0, 0],[1, 1.0, 1],[1, 1.5, 1]|text|not-applicable",[T; N],base,"[1, 2, 3]","c|[1, 1.0, 0],[1, 1.0, 1],[1, 1.5, 1]|integer|as-sorted",,REFUSE
A:|||18|14,"BTreeMap<String,V>",flat,"{'a': 1, 'b': 2, 'c': 3}","c|[1, 1.0, 0],[1, 1.0, 1],[1, 1.5, 1]|text|not-applicable",&[T],base,"[1, 2, 3]","c|[1, 1.0, 0],[1, 1.0, 1],[1, 1.5, 1]|integer|as-sorted",,REFUSE
A:|||18|15,"BTreeMap<String,V>",flat,"{'a': 1, 'b': 2, 'c': 3}","c|[1, 1.0, 0],[1, 1.0, 1],[1, 1.5, 1]|text|not-applicable",VecDeque<T>,base,"[1, 2, 3]","c|[1, 1.0, 0],[1, 1.0, 1],[1, 1.5, 1]|integer|as-sorted",,REFUSE
A:|||18|16,"BTreeMap<String,V>",flat,"{'a': 1, 'b': 2, 'c': 3}","c|[1, 1.0, 0],[1, 1.0, 1],[1, 1.5, 1]|text|not-applicable",tuple,base,"[1, 2, 3]","c|[1, 1.0, 0],[1, 1.0, 1],[1, 1.5, 1]|integer|as-sorted",,REFUSE
A:|||18|17,"BTreeMap<String,V>",flat,"{'a': 1, 'b': 2, 'c': 3}","c|[1, 1.0, 0],[1, 1.0, 1],[1, 1.5, 1]|text|not-applicable","HashMap<String,V>",flat,"{'a': 1, 'b': 2, 'c': 3}","c|[1, 1.0, 0],[1, 1.0, 1],[1, 1.5, 1]|text|not-applicable",,REFUSE
A:|||18|18,"BTreeMap<String,V>",flat,"{'a': 1, 'b': 2, 'c': 3}","c|[1, 1.0, 0],[1, 1.0, 1],[1, 1.5, 1]|text|not-applicable","BTreeMap<String,V>",flat,"{'a': 1, 'b': 2, 'c': 3}","c|[1, 1.0, 0],[1, 1.0, 1],[1, 1.5, 1]|text|not-applicable",,REFUSE
A:|||18|19,"BTreeMap<String,V>",flat,"{'a': 1, 'b': 2, 'c': 3}","c|[1, 1.0, 0],[1, 1.0, 1],[1, 1.5, 1]|text|not-applicable",struct,flat,"{'a': 1, 'b': 2, 'c': 3}","c|[1, 1.0, 0],[1, 1.0, 1],[1, 1.5, 1]|text|not-applicable",,REFUSE
A:|||18|20,"BTreeMap<String,V>",flat,"{'a': 1, 'b': 2, 'c': 3}","c|[1, 1.0, 0],[1, 1.0, 1],[1, 1.5, 1]|text|not-applicable",Vec<Vec<T>>,seq_in_seq,"[[1, 2], [3, 4]]","c|c|[1, 1.0, 0],[1, 1.0, 1]|integer|as-sorted,c|[1, 1.0, 2],[1, 1.5, 1]|integer|as-sorted|integer|as-sorted",,REFUSE
A:|||18|21,"BTreeMap<String,V>",flat,"{'a': 1, 'b': 2, 'c': 3}","c|[1, 1.0, 0],[1, 1.0, 1],[1, 1.5, 1]|text|not-applicable",enum Node,seq_in_seq,"[[1, 2], [3, 4]]","c|c|[1, 1.0, 0],[1, 1.0, 1]|integer|as-sorted,c|[1, 1.0, 2],[1, 1.5, 1]|integer|as-sorted|integer|as-sorted",,REFUSE
A:|||19|0,struct,flat,"{'a': 1, 'b': 2, 'c': 3}","c|[1, 1.0, 0],[1, 1.0, 1],[1, 1.5, 1]|text|not-applicable",unit,null,null,null,,REFUSE
A:|||19|1,struct,flat,"{'a': 1, 'b': 2, 'c': 3}","c|[1, 1.0, 0],[1, 1.0, 1],[1, 1.5, 1]|text|not-applicable",Option::None,null,null,null,,REFUSE
A:|||19|2,struct,flat,"{'a': 1, 'b': 2, 'c': 3}","c|[1, 1.0, 0],[1, 1.0, 1],[1, 1.5, 1]|text|not-applicable",bool,true,true,true,,REFUSE
A:|||19|3,struct,flat,"{'a': 1, 'b': 2, 'c': 3}","c|[1, 1.0, 0],[1, 1.0, 1],[1, 1.5, 1]|text|not-applicable",i32,base_42,0000002a,"[1, 1.3125, 5]",,REFUSE
A:|||19|4,struct,flat,"{'a': 1, 'b': 2, 'c': 3}","c|[1, 1.0, 0],[1, 1.0, 1],[1, 1.5, 1]|text|not-applicable",i64,base_42,000000000000002a,"[1, 1.3125, 5]",,REFUSE
A:|||19|5,struct,flat,"{'a': 1, 'b': 2, 'c': 3}","c|[1, 1.0, 0],[1, 1.0, 1],[1, 1.5, 1]|text|not-applicable",u64,base_42,000000000000002a,"[1, 1.3125, 5]",,REFUSE
A:|||19|6,struct,flat,"{'a': 1, 'b': 2, 'c': 3}","c|[1, 1.0, 0],[1, 1.0, 1],[1, 1.5, 1]|text|not-applicable",i128,base_42,0000000000000000000000000000002a,"[1, 1.3125, 5]",,REFUSE
A:|||19|7,struct,flat,"{'a': 1, 'b': 2, 'c': 3}","c|[1, 1.0, 0],[1, 1.0, 1],[1, 1.5, 1]|text|not-applicable",f64,base_1_5,3ff8000000000000,"[1, 1.5, 0]",,REFUSE
A:|||19|8,struct,flat,"{'a': 1, 'b': 2, 'c': 3}","c|[1, 1.0, 0],[1, 1.0, 1],[1, 1.5, 1]|text|not-applicable",f32,base_1_5,3fc00000,"[1, 1.5, 0]",,REFUSE
A:|||19|9,struct,flat,"{'a': 1, 'b': 2, 'c': 3}","c|[1, 1.0, 0],[1, 1.0, 1],[1, 1.5, 1]|text|not-applicable",String,base_hello,68656c6c6f,t|68656c6c6f|5|5|5,,REFUSE
A:|||19|10,struct,flat,"{'a': 1, 'b': 2, 'c': 3}","c|[1, 1.0, 0],[1, 1.0, 1],[1, 1.5, 1]|text|not-applicable",&str,base_hello,68656c6c6f,t|68656c6c6f|5|5|5,,REFUSE
A:|||19|11,struct,flat,"{'a': 1, 'b': 2, 'c': 3}","c|[1, 1.0, 0],[1, 1.0, 1],[1, 1.5, 1]|text|not-applicable",Vec<u8>,base_hello,68656c6c6f,t|68656c6c6f|5|5|5,,REFUSE
A:|||19|12,struct,flat,"{'a': 1, 'b': 2, 'c': 3}","c|[1, 1.0, 0],[1, 1.0, 1],[1, 1.5, 1]|text|not-applicable",Vec<T>,base,"[1, 2, 3]","c|[1, 1.0, 0],[1, 1.0, 1],[1, 1.5, 1]|integer|as-sorted",,REFUSE
A:|||19|13,struct,flat,"{'a': 1, 'b': 2, 'c': 3}","c|[1, 1.0, 0],[1, 1.0, 1],[1, 1.5, 1]|text|not-applicable",[T; N],base,"[1, 2, 3]","c|[1, 1.0, 0],[1, 1.0, 1],[1, 1.5, 1]|integer|as-sorted",,REFUSE
A:|||19|14,struct,flat,"{'a': 1, 'b': 2, 'c': 3}","c|[1, 1.0, 0],[1, 1.0, 1],[1, 1.5, 1]|text|not-applicable",&[T],base,"[1, 2, 3]","c|[1, 1.0, 0],[1, 1.0, 1],[1, 1.5, 1]|integer|as-sorted",,REFUSE
A:|||19|15,struct,flat,"{'a': 1, 'b': 2, 'c': 3}","c|[1, 1.0, 0],[1, 1.0, 1],[1, 1.5, 1]|text|not-applicable",VecDeque<T>,base,"[1, 2, 3]","c|[1, 1.0, 0],[1, 1.0, 1],[1, 1.5, 1]|integer|as-sorted",,REFUSE
A:|||19|16,struct,flat,"{'a': 1, 'b': 2, 'c': 3}","c|[1, 1.0, 0],[1, 1.0, 1],[1, 1.5, 1]|text|not-applicable",tuple,base,"[1, 2, 3]","c|[1, 1.0, 0],[1, 1.0, 1],[1, 1.5, 1]|integer|as-sorted",,REFUSE
A:|||19|17,struct,flat,"{'a': 1, 'b': 2, 'c': 3}","c|[1, 1.0, 0],[1, 1.0, 1],[1, 1.5, 1]|text|not-applicable","HashMap<String,V>",flat,"{'a': 1, 'b': 2, 'c': 3}","c|[1, 1.0, 0],[1, 1.0, 1],[1, 1.5, 1]|text|not-applicable",,REFUSE
A:|||19|18,struct,flat,"{'a': 1, 'b': 2, 'c': 3}","c|[1, 1.0, 0],[1, 1.0, 1],[1, 1.5, 1]|text|not-applicable","BTreeMap<String,V>",flat,"{'a': 1, 'b': 2, 'c': 3}","c|[1, 1.0, 0],[1, 1.0, 1],[1, 1.5, 1]|text|not-applicable",,REFUSE
A:|||19|19,struct,flat,"{'a': 1, 'b': 2, 'c': 3}","c|[1, 1.0, 0],[1, 1.0, 1],[1, 1.5, 1]|text|not-applicable",struct,flat,"{'a': 1, 'b': 2, 'c': 3}","c|[1, 1.0, 0],[1, 1.0, 1],[1, 1.5, 1]|text|not-applicable",,REFUSE
A:|||19|20,struct,flat,"{'a': 1, 'b': 2, 'c': 3}","c|[1, 1.0, 0],[1, 1.0, 1],[1, 1.5, 1]|text|not-applicable",Vec<Vec<T>>,seq_in_seq,"[[1, 2], [3, 4]]","c|c|[1, 1.0, 0],[1, 1.0, 1]|integer|as-sorted,c|[1, 1.0, 2],[1, 1.5, 1]|integer|as-sorted|integer|as-sorted",,REFUSE
A:|||19|21,struct,flat,"{'a': 1, 'b': 2, 'c': 3}","c|[1, 1.0, 0],[1, 1.0, 1],[1, 1.5, 1]|text|not-applicable",enum Node,seq_in_seq,"[[1, 2], [3, 4]]","c|c|[1, 1.0, 0],[1, 1.0, 1]|integer|as-sorted,c|[1, 1.0, 2],[1, 1.5, 1]|integer|as-sorted|integer|as-sorted",,REFUSE
A:|||20|0,Vec<Vec<T>>,seq_in_seq,"[[1, 2], [3, 4]]","c|c|[1, 1.0, 0],[1, 1.0, 1]|integer|as-sorted,c|[1, 1.0, 2],[1, 1.5, 1]|integer|as-sorted|integer|as-sorted",unit,null,null,null,,REFUSE
A:|||20|1,Vec<Vec<T>>,seq_in_seq,"[[1, 2], [3, 4]]","c|c|[1, 1.0, 0],[1, 1.0, 1]|integer|as-sorted,c|[1, 1.0, 2],[1, 1.5, 1]|integer|as-sorted|integer|as-sorted",Option::None,null,null,null,,REFUSE
A:|||20|2,Vec<Vec<T>>,seq_in_seq,"[[1, 2], [3, 4]]","c|c|[1, 1.0, 0],[1, 1.0, 1]|integer|as-sorted,c|[1, 1.0, 2],[1, 1.5, 1]|integer|as-sorted|integer|as-sorted",bool,true,true,true,,REFUSE
A:|||20|3,Vec<Vec<T>>,seq_in_seq,"[[1, 2], [3, 4]]","c|c|[1, 1.0, 0],[1, 1.0, 1]|integer|as-sorted,c|[1, 1.0, 2],[1, 1.5, 1]|integer|as-sorted|integer|as-sorted",i32,base_42,0000002a,"[1, 1.3125, 5]",,REFUSE
A:|||20|4,Vec<Vec<T>>,seq_in_seq,"[[1, 2], [3, 4]]","c|c|[1, 1.0, 0],[1, 1.0, 1]|integer|as-sorted,c|[1, 1.0, 2],[1, 1.5, 1]|integer|as-sorted|integer|as-sorted",i64,base_42,000000000000002a,"[1, 1.3125, 5]",,REFUSE
A:|||20|5,Vec<Vec<T>>,seq_in_seq,"[[1, 2], [3, 4]]","c|c|[1, 1.0, 0],[1, 1.0, 1]|integer|as-sorted,c|[1, 1.0, 2],[1, 1.5, 1]|integer|as-sorted|integer|as-sorted",u64,base_42,000000000000002a,"[1, 1.3125, 5]",,REFUSE
A:|||20|6,Vec<Vec<T>>,seq_in_seq,"[[1, 2], [3, 4]]","c|c|[1, 1.0, 0],[1, 1.0, 1]|integer|as-sorted,c|[1, 1.0, 2],[1, 1.5, 1]|integer|as-sorted|integer|as-sorted",i128,base_42,0000000000000000000000000000002a,"[1, 1.3125, 5]",,REFUSE
A:|||20|7,Vec<Vec<T>>,seq_in_seq,"[[1, 2], [3, 4]]","c|c|[1, 1.0, 0],[1, 1.0, 1]|integer|as-sorted,c|[1, 1.0, 2],[1, 1.5, 1]|integer|as-sorted|integer|as-sorted",f64,base_1_5,3ff8000000000000,"[1, 1.5, 0]",,REFUSE
A:|||20|8,Vec<Vec<T>>,seq_in_seq,"[[1, 2], [3, 4]]","c|c|[1, 1.0, 0],[1, 1.0, 1]|integer|as-sorted,c|[1, 1.0, 2],[1, 1.5, 1]|integer|as-sorted|integer|as-sorted",f32,base_1_5,3fc00000,"[1, 1.5, 0]",,REFUSE
A:|||20|9,Vec<Vec<T>>,seq_in_seq,"[[1, 2], [3, 4]]","c|c|[1, 1.0, 0],[1, 1.0, 1]|integer|as-sorted,c|[1, 1.0, 2],[1, 1.5, 1]|integer|as-sorted|integer|as-sorted",String,base_hello,68656c6c6f,t|68656c6c6f|5|5|5,,REFUSE
A:|||20|10,Vec<Vec<T>>,seq_in_seq,"[[1, 2], [3, 4]]","c|c|[1, 1.0, 0],[1, 1.0, 1]|integer|as-sorted,c|[1, 1.0, 2],[1, 1.5, 1]|integer|as-sorted|integer|as-sorted",&str,base_hello,68656c6c6f,t|68656c6c6f|5|5|5,,REFUSE
A:|||20|11,Vec<Vec<T>>,seq_in_seq,"[[1, 2], [3, 4]]","c|c|[1, 1.0, 0],[1, 1.0, 1]|integer|as-sorted,c|[1, 1.0, 2],[1, 1.5, 1]|integer|as-sorted|integer|as-sorted",Vec<u8>,base_hello,68656c6c6f,t|68656c6c6f|5|5|5,,REFUSE
A:|||20|12,Vec<Vec<T>>,seq_in_seq,"[[1, 2], [3, 4]]","c|c|[1, 1.0, 0],[1, 1.0, 1]|integer|as-sorted,c|[1, 1.0, 2],[1, 1.5, 1]|integer|as-sorted|integer|as-sorted",Vec<T>,base,"[1, 2, 3]","c|[1, 1.0, 0],[1, 1.0, 1],[1, 1.5, 1]|integer|as-sorted",,REFUSE
A:|||20|13,Vec<Vec<T>>,seq_in_seq,"[[1, 2], [3, 4]]","c|c|[1, 1.0, 0],[1, 1.0, 1]|integer|as-sorted,c|[1, 1.0, 2],[1, 1.5, 1]|integer|as-sorted|integer|as-sorted",[T; N],base,"[1, 2, 3]","c|[1, 1.0, 0],[1, 1.0, 1],[1, 1.5, 1]|integer|as-sorted",,REFUSE
A:|||20|14,Vec<Vec<T>>,seq_in_seq,"[[1, 2], [3, 4]]","c|c|[1, 1.0, 0],[1, 1.0, 1]|integer|as-sorted,c|[1, 1.0, 2],[1, 1.5, 1]|integer|as-sorted|integer|as-sorted",&[T],base,"[1, 2, 3]","c|[1, 1.0, 0],[1, 1.0, 1],[1, 1.5, 1]|integer|as-sorted",,REFUSE
A:|||20|15,Vec<Vec<T>>,seq_in_seq,"[[1, 2], [3, 4]]","c|c|[1, 1.0, 0],[1, 1.0, 1]|integer|as-sorted,c|[1, 1.0, 2],[1, 1.5, 1]|integer|as-sorted|integer|as-sorted",VecDeque<T>,base,"[1, 2, 3]","c|[1, 1.0, 0],[1, 1.0, 1],[1, 1.5, 1]|integer|as-sorted",,REFUSE
A:|||20|16,Vec<Vec<T>>,seq_in_seq,"[[1, 2], [3, 4]]","c|c|[1, 1.0, 0],[1, 1.0, 1]|integer|as-sorted,c|[1, 1.0, 2],[1, 1.5, 1]|integer|as-sorted|integer|as-sorted",tuple,base,"[1, 2, 3]","c|[1, 1.0, 0],[1, 1.0, 1],[1, 1.5, 1]|integer|as-sorted",,REFUSE
A:|||20|17,Vec<Vec<T>>,seq_in_seq,"[[1, 2], [3, 4]]","c|c|[1, 1.0, 0],[1, 1.0, 1]|integer|as-sorted,c|[1, 1.0, 2],[1, 1.5, 1]|integer|as-sorted|integer|as-sorted","HashMap<String,V>",flat,"{'a': 1, 'b': 2, 'c': 3}","c|[1, 1.0, 0],[1, 1.0, 1],[1, 1.5, 1]|text|not-applicable",,REFUSE
A:|||20|18,Vec<Vec<T>>,seq_in_seq,"[[1, 2], [3, 4]]","c|c|[1, 1.0, 0],[1, 1.0, 1]|integer|as-sorted,c|[1, 1.0, 2],[1, 1.5, 1]|integer|as-sorted|integer|as-sorted","BTreeMap<String,V>",flat,"{'a': 1, 'b': 2, 'c': 3}","c|[1, 1.0, 0],[1, 1.0, 1],[1, 1.5, 1]|text|not-applicable",,REFUSE
A:|||20|19,Vec<Vec<T>>,seq_in_seq,"[[1, 2], [3, 4]]","c|c|[1, 1.0, 0],[1, 1.0, 1]|integer|as-sorted,c|[1, 1.0, 2],[1, 1.5, 1]|integer|as-sorted|integer|as-sorted",struct,flat,"{'a': 1, 'b': 2, 'c': 3}","c|[1, 1.0, 0],[1, 1.0, 1],[1, 1.5, 1]|text|not-applicable",,REFUSE
A:|||20|20,Vec<Vec<T>>,seq_in_seq,"[[1, 2], [3, 4]]","c|c|[1, 1.0, 0],[1, 1.0, 1]|integer|as-sorted,c|[1, 1.0, 2],[1, 1.5, 1]|integer|as-sorted|integer|as-sorted",Vec<Vec<T>>,seq_in_seq,"[[1, 2], [3, 4]]","c|c|[1, 1.0, 0],[1, 1.0, 1]|integer|as-sorted,c|[1, 1.0, 2],[1, 1.5, 1]|integer|as-sorted|integer|as-sorted",,REFUSE
A:|||20|21,Vec<Vec<T>>,seq_in_seq,"[[1, 2], [3, 4]]","c|c|[1, 1.0, 0],[1, 1.0, 1]|integer|as-sorted,c|[1, 1.0, 2],[1, 1.5, 1]|integer|as-sorted|integer|as-sorted",enum Node,seq_in_seq,"[[1, 2], [3, 4]]","c|c|[1, 1.0, 0],[1, 1.0, 1]|integer|as-sorted,c|[1, 1.0, 2],[1, 1.5, 1]|integer|as-sorted|integer|as-sorted",,REFUSE
A:|||21|0,enum Node,seq_in_seq,"[[1, 2], [3, 4]]","c|c|[1, 1.0, 0],[1, 1.0, 1]|integer|as-sorted,c|[1, 1.0, 2],[1, 1.5, 1]|integer|as-sorted|integer|as-sorted",unit,null,null,null,,REFUSE
A:|||21|1,enum Node,seq_in_seq,"[[1, 2], [3, 4]]","c|c|[1, 1.0, 0],[1, 1.0, 1]|integer|as-sorted,c|[1, 1.0, 2],[1, 1.5, 1]|integer|as-sorted|integer|as-sorted",Option::None,null,null,null,,REFUSE
A:|||21|2,enum Node,seq_in_seq,"[[1, 2], [3, 4]]","c|c|[1, 1.0, 0],[1, 1.0, 1]|integer|as-sorted,c|[1, 1.0, 2],[1, 1.5, 1]|integer|as-sorted|integer|as-sorted",bool,true,true,true,,REFUSE
A:|||21|3,enum Node,seq_in_seq,"[[1, 2], [3, 4]]","c|c|[1, 1.0, 0],[1, 1.0, 1]|integer|as-sorted,c|[1, 1.0, 2],[1, 1.5, 1]|integer|as-sorted|integer|as-sorted",i32,base_42,0000002a,"[1, 1.3125, 5]",,REFUSE
A:|||21|4,enum Node,seq_in_seq,"[[1, 2], [3, 4]]","c|c|[1, 1.0, 0],[1, 1.0, 1]|integer|as-sorted,c|[1, 1.0, 2],[1, 1.5, 1]|integer|as-sorted|integer|as-sorted",i64,base_42,000000000000002a,"[1, 1.3125, 5]",,REFUSE
A:|||21|5,enum Node,seq_in_seq,"[[1, 2], [3, 4]]","c|c|[1, 1.0, 0],[1, 1.0, 1]|integer|as-sorted,c|[1, 1.0, 2],[1, 1.5, 1]|integer|as-sorted|integer|as-sorted",u64,base_42,000000000000002a,"[1, 1.3125, 5]",,REFUSE
A:|||21|6,enum Node,seq_in_seq,"[[1, 2], [3, 4]]","c|c|[1, 1.0, 0],[1, 1.0, 1]|integer|as-sorted,c|[1, 1.0, 2],[1, 1.5, 1]|integer|as-sorted|integer|as-sorted",i128,base_42,0000000000000000000000000000002a,"[1, 1.3125, 5]",,REFUSE
A:|||21|7,enum Node,seq_in_seq,"[[1, 2], [3, 4]]","c|c|[1, 1.0, 0],[1, 1.0, 1]|integer|as-sorted,c|[1, 1.0, 2],[1, 1.5, 1]|integer|as-sorted|integer|as-sorted",f64,base_1_5,3ff8000000000000,"[1, 1.5, 0]",,REFUSE
A:|||21|8,enum Node,seq_in_seq,"[[1, 2], [3, 4]]","c|c|[1, 1.0, 0],[1, 1.0, 1]|integer|as-sorted,c|[1, 1.0, 2],[1, 1.5, 1]|integer|as-sorted|integer|as-sorted",f32,base_1_5,3fc00000,"[1, 1.5, 0]",,REFUSE
A:|||21|9,enum Node,seq_in_seq,"[[1, 2], [3, 4]]","c|c|[1, 1.0, 0],[1, 1.0, 1]|integer|as-sorted,c|[1, 1.0, 2],[1, 1.5, 1]|integer|as-sorted|integer|as-sorted",String,base_hello,68656c6c6f,t|68656c6c6f|5|5|5,,REFUSE
A:|||21|10,enum Node,seq_in_seq,"[[1, 2], [3, 4]]","c|c|[1, 1.0, 0],[1, 1.0, 1]|integer|as-sorted,c|[1, 1.0, 2],[1, 1.5, 1]|integer|as-sorted|integer|as-sorted",&str,base_hello,68656c6c6f,t|68656c6c6f|5|5|5,,REFUSE
A:|||21|11,enum Node,seq_in_seq,"[[1, 2], [3, 4]]","c|c|[1, 1.0, 0],[1, 1.0, 1]|integer|as-sorted,c|[1, 1.0, 2],[1, 1.5, 1]|integer|as-sorted|integer|as-sorted",Vec<u8>,base_hello,68656c6c6f,t|68656c6c6f|5|5|5,,REFUSE
A:|||21|12,enum Node,seq_in_seq,"[[1, 2], [3, 4]]","c|c|[1, 1.0, 0],[1, 1.0, 1]|integer|as-sorted,c|[1, 1.0, 2],[1, 1.5, 1]|integer|as-sorted|integer|as-sorted",Vec<T>,base,"[1, 2, 3]","c|[1, 1.0, 0],[1, 1.0, 1],[1, 1.5, 1]|integer|as-sorted",,REFUSE
A:|||21|13,enum Node,seq_in_seq,"[[1, 2], [3, 4]]","c|c|[1, 1.0, 0],[1, 1.0, 1]|integer|as-sorted,c|[1, 1.0, 2],[1, 1.5, 1]|integer|as-sorted|integer|as-sorted",[T; N],base,"[1, 2, 3]","c|[1, 1.0, 0],[1, 1.0, 1],[1, 1.5, 1]|integer|as-sorted",,REFUSE
A:|||21|14,enum Node,seq_in_seq,"[[1, 2], [3, 4]]","c|c|[1, 1.0, 0],[1, 1.0, 1]|integer|as-sorted,c|[1, 1.0, 2],[1, 1.5, 1]|integer|as-sorted|integer|as-sorted",&[T],base,"[1, 2, 3]","c|[1, 1.0, 0],[1, 1.0, 1],[1, 1.5, 1]|integer|as-sorted",,REFUSE
A:|||21|15,enum Node,seq_in_seq,"[[1, 2], [3, 4]]","c|c|[1, 1.0, 0],[1, 1.0, 1]|integer|as-sorted,c|[1, 1.0, 2],[1, 1.5, 1]|integer|as-sorted|integer|as-sorted",VecDeque<T>,base,"[1, 2, 3]","c|[1, 1.0, 0],[1, 1.0, 1],[1, 1.5, 1]|integer|as-sorted",,REFUSE
A:|||21|16,enum Node,seq_in_seq,"[[1, 2], [3, 4]]","c|c|[1, 1.0, 0],[1, 1.0, 1]|integer|as-sorted,c|[1, 1.0, 2],[1, 1.5, 1]|integer|as-sorted|integer|as-sorted",tuple,base,"[1, 2, 3]","c|[1, 1.0, 0],[1, 1.0, 1],[1, 1.5, 1]|integer|as-sorted",,REFUSE
A:|||21|17,enum Node,seq_in_seq,"[[1, 2], [3, 4]]","c|c|[1, 1.0, 0],[1, 1.0, 1]|integer|as-sorted,c|[1, 1.0, 2],[1, 1.5, 1]|integer|as-sorted|integer|as-sorted","HashMap<String,V>",flat,"{'a': 1, 'b': 2, 'c': 3}","c|[1, 1.0, 0],[1, 1.0, 1],[1, 1.5, 1]|text|not-applicable",,REFUSE
A:|||21|18,enum Node,seq_in_seq,"[[1, 2], [3, 4]]","c|c|[1, 1.0, 0],[1, 1.0, 1]|integer|as-sorted,c|[1, 1.0, 2],[1, 1.5, 1]|integer|as-sorted|integer|as-sorted","BTreeMap<String,V>",flat,"{'a': 1, 'b': 2, 'c': 3}","c|[1, 1.0, 0],[1, 1.0, 1],[1, 1.5, 1]|text|not-applicable",,REFUSE
A:|||21|19,enum Node,seq_in_seq,"[[1, 2], [3, 4]]","c|c|[1, 1.0, 0],[1, 1.0, 1]|integer|as-sorted,c|[1, 1.0, 2],[1, 1.5, 1]|integer|as-sorted|integer|as-sorted",struct,flat,"{'a': 1, 'b': 2, 'c': 3}","c|[1, 1.0, 0],[1, 1.0, 1],[1, 1.5, 1]|text|not-applicable",,REFUSE
A:|||21|20,enum Node,seq_in_seq,"[[1, 2], [3, 4]]","c|c|[1, 1.0, 0],[1, 1.0, 1]|integer|as-sorted,c|[1, 1.0, 2],[1, 1.5, 1]|integer|as-sorted|integer|as-sorted",Vec<Vec<T>>,seq_in_seq,"[[1, 2], [3, 4]]","c|c|[1, 1.0, 0],[1, 1.0, 1]|integer|as-sorted,c|[1, 1.0, 2],[1, 1.5, 1]|integer|as-sorted|integer|as-sorted",,REFUSE
A:|||21|21,enum Node,seq_in_seq,"[[1, 2], [3, 4]]","c|c|[1, 1.0, 0],[1, 1.0, 1]|integer|as-sorted,c|[1, 1.0, 2],[1, 1.5, 1]|integer|as-sorted|integer|as-sorted",enum Node,seq_in_seq,"[[1, 2], [3, 4]]","c|c|[1, 1.0, 0],[1, 1.0, 1]|integer|as-sorted,c|[1, 1.0, 2],[1, 1.5, 1]|integer|as-sorted|integer|as-sorted",,REFUSE
